eta,topology,error,cost,hard_cost,agreement,silent_wrong,wrong_up_approval,manufactured_agreement,escalation,unaudited_wrong
0.0,exposed_vote:A:k3,0.035199999999999995,1.0,1.0,0.6905800000000001,0.010090000000000002,0.10090000000000002,0.0,0.0,0.010090000000000002
0.0,blind_vote:A:k3,0.035199999999999995,1.15,1.15,0.6905800000000001,0.010090000000000002,0.10090000000000002,0.0,0.0,0.010090000000000002
0.0,echo_gate:A:k3,0.07197399999999998,1.3094199999999998,2.0,0.6905800000000001,0.010090000000000002,0.10090000000000002,0.0,0.3094199999999999,0.010090000000000002
0.0,blind_gate:A:k3,0.07197399999999998,1.4594199999999997,2.15,0.6905800000000001,0.010090000000000002,0.10090000000000002,0.0,0.3094199999999999,0.010090000000000002
0.0,audit_gate:A:k3,0.1039805,1.482065,2.0,0.6905800000000001,0.010090000000000002,0.10090000000000002,0.0,0.48206499999999997,0.007567500000000001
0.0,serial_last:A:k3,0.1,1.0,1.0,0.6905800000000001,0.010090000000000002,0.10090000000000002,0.0,0.0,0.010090000000000002
0.05,exposed_vote:A:k3,0.04005595,1.0,1.0,0.7006606525000001,0.010274376250000002,0.10274376250000002,0.010080652500000009,0.0,0.010274376250000002
0.05,blind_vote:A:k3,0.035199999999999995,1.15,1.15,0.6905800000000001,0.010090000000000002,0.10090000000000002,0.0,0.0,0.010090000000000002
0.05,echo_gate:A:k3,0.07014224574999998,1.2993393475,2.0,0.7006606525000001,0.010274376250000002,0.10274376250000002,0.010080652500000009,0.2993393474999999,0.010274376250000002
0.05,blind_gate:A:k3,0.07197399999999998,1.4594199999999997,2.15,0.6905800000000001,0.010090000000000002,0.10090000000000002,0.0,0.3094199999999999,0.010090000000000002
0.05,audit_gate:A:k3,0.10260668431249997,1.4745045106249999,2.0,0.7006606525000001,0.010274376250000002,0.10274376250000002,0.010080652500000009,0.4745045106249999,0.007705782187500001
0.05,serial_last:A:k3,0.1,1.0,1.0,0.7006606525000001,0.010274376250000002,0.10274376250000002,0.010080652500000009,0.0,0.010274376250000002
0.1,exposed_vote:A:k3,0.04488760000000001,1.0,1.0,0.71100982,0.010617310000000003,0.10617310000000002,0.020429819999999932,0.0,0.010617310000000003
0.1,blind_vote:A:k3,0.035199999999999995,1.15,1.15,0.6905800000000001,0.010090000000000002,0.10090000000000002,0.0,0.0,0.010090000000000002
0.1,echo_gate:A:k3,0.068415346,1.2889901799999999,2.0,0.71100982,0.010617310000000003,0.10617310000000002,0.020429819999999932,0.28899018,0.010617310000000003
0.1,blind_gate:A:k3,0.07197399999999998,1.4594199999999997,2.15,0.6905800000000001,0.010090000000000002,0.10090000000000002,0.0,0.3094199999999999,0.010090000000000002
0.1,audit_gate:A:k3,0.10131150950000002,1.4667426350000001,2.0,0.71100982,0.010617310000000003,0.10617310000000002,0.020429819999999932,0.466742635,0.007962982500000002
0.1,serial_last:A:k3,0.1,1.0,1.0,0.71100982,0.010617310000000003,0.10617310000000002,0.020429819999999932,0.0,0.010617310000000003
0.15000000000000002,exposed_vote:A:k3,0.04967065000000001,1.0,1.0,0.7216773175000001,0.011168008750000001,0.11168008750000001,0.0310973175,0.0,0.011168008750000001
0.15000000000000002,blind_vote:A:k3,0.035199999999999995,1.15,1.15,0.6905800000000001,0.010090000000000002,0.10090000000000002,0.0,0.0,0.010090000000000002
0.15000000000000002,echo_gate:A:k3,0.06683254524999999,1.2783226824999998,2.0,0.7216773175000001,0.011168008750000001,0.11168008750000001,0.0310973175,0.2783226824999999,0.011168008750000001
0.15000000000000002,blind_gate:A:k3,0.07197399999999998,1.4594199999999997,2.15,0.6905800000000001,0.010090000000000002,0.10090000000000002,0.0,0.3094199999999999,0.010090000000000002
0.15000000000000002,audit_gate:A:k3,0.10012440893749999,1.458742011875,2.0,0.7216773175000001,0.011168008750000001,0.11168008750000001,0.0310973175,0.45874201187499997,0.008376006562500002
0.15000000000000002,serial_last:A:k3,0.1,1.0,1.0,0.7216773175000001,0.011168008750000001,0.11168008750000001,0.0310973175,0.0,0.011168008750000001
0.2,exposed_vote:A:k3,0.05438080000000002,1.0,1.0,0.7327129600000001,0.011975680000000002,0.11975680000000002,0.04213296,0.0,0.011975680000000002
0.2,blind_vote:A:k3,0.035199999999999995,1.15,1.15,0.6905800000000001,0.010090000000000002,0.10090000000000002,0.0,0.0,0.010090000000000002
0.2,echo_gate:A:k3,0.06543308799999999,1.2672870399999998,2.0,0.7327129600000001,0.011975680000000002,0.11975680000000002,0.04213296,0.2672870399999999,0.011975680000000002
0.2,blind_gate:A:k3,0.07197399999999998,1.4594199999999997,2.15,0.6905800000000001,0.010090000000000002,0.10090000000000002,0.0,0.3094199999999999,0.010090000000000002
0.2,audit_gate:A:k3,0.09907481600000001,1.45046528,2.0,0.7327129600000001,0.011975680000000002,0.11975680000000002,0.04213296,0.45046527999999997,0.008981760000000002
0.2,serial_last:A:k3,0.1,1.0,1.0,0.7327129600000001,0.011975680000000002,0.11975680000000002,0.04213296,0.0,0.011975680000000002
0.25,exposed_vote:A:k3,0.05899375000000001,1.0,1.0,0.7441665625,0.013089531250000003,0.13089531250000003,0.053586562499999935,0.0,0.013089531250000003
0.25,blind_vote:A:k3,0.035199999999999995,1.15,1.15,0.6905800000000001,0.010090000000000002,0.10090000000000002,0.0,0.0,0.010090000000000002
0.25,echo_gate:A:k3,0.06425621875000001,1.2558334375,2.0,0.7441665625,0.013089531250000003,0.13089531250000003,0.053586562499999935,0.2558334375,0.013089531250000003
0.25,blind_gate:A:k3,0.07197399999999998,1.4594199999999997,2.15,0.6905800000000001,0.010090000000000002,0.10090000000000002,0.0,0.3094199999999999,0.010090000000000002
0.25,audit_gate:A:k3,0.09819216406250002,1.441875078125,2.0,0.7441665625,0.013089531250000003,0.13089531250000003,0.053586562499999935,0.44187507812500004,0.009817148437500003
0.25,serial_last:A:k3,0.1,1.0,1.0,0.7441665625,0.013089531250000003,0.13089531250000003,0.053586562499999935,0.0,0.013089531250000003
0.30000000000000004,exposed_vote:A:k3,0.0634852,1.0,1.0,0.75608794,0.014558770000000004,0.14558770000000004,0.06550793999999993,0.0,0.014558770000000004
0.30000000000000004,blind_vote:A:k3,0.035199999999999995,1.15,1.15,0.6905800000000001,0.010090000000000002,0.10090000000000002,0.0,0.0,0.010090000000000002
0.30000000000000004,echo_gate:A:k3,0.063341182,1.24391206,2.0,0.75608794,0.014558770000000004,0.14558770000000004,0.06550793999999993,0.24391205999999999,0.014558770000000004
0.30000000000000004,blind_gate:A:k3,0.07197399999999998,1.4594199999999997,2.15,0.6905800000000001,0.010090000000000002,0.10090000000000002,0.0,0.3094199999999999,0.010090000000000002
0.30000000000000004,audit_gate:A:k3,0.0975058865,1.432934045,2.0,0.75608794,0.014558770000000004,0.14558770000000004,0.06550793999999993,0.432934045,0.010919077500000002
0.30000000000000004,serial_last:A:k3,0.1,1.0,1.0,0.75608794,0.014558770000000004,0.14558770000000004,0.06550793999999993,0.0,0.014558770000000004
0.35000000000000003,exposed_vote:A:k3,0.06783085,1.0,1.0,0.7685269075000001,0.016432603750000004,0.16432603750000002,0.0779469075,0.0,0.016432603750000004
0.35000000000000003,blind_vote:A:k3,0.035199999999999995,1.15,1.15,0.6905800000000001,0.010090000000000002,0.10090000000000002,0.0,0.0,0.010090000000000002
0.35000000000000003,echo_gate:A:k3,0.06272722224999999,1.2314730925,2.0,0.7685269075000001,0.016432603750000004,0.16432603750000002,0.0779469075,0.23147309249999992,0.016432603750000004
0.35000000000000003,blind_gate:A:k3,0.07197399999999998,1.4594199999999997,2.15,0.6905800000000001,0.010090000000000002,0.10090000000000002,0.0,0.3094199999999999,0.010090000000000002
0.35000000000000003,audit_gate:A:k3,0.0970454166875,1.423604819375,2.0,0.7685269075000001,0.016432603750000004,0.16432603750000002,0.0779469075,0.42360481937499994,0.012324452812500003
0.35000000000000003,serial_last:A:k3,0.1,1.0,1.0,0.7685269075000001,0.016432603750000004,0.16432603750000002,0.0779469075,0.0,0.016432603750000004
0.4,exposed_vote:A:k3,0.07200640000000003,1.0,1.0,0.78153328,0.018760240000000004,0.18760240000000003,0.09095327999999991,0.0,0.018760240000000004
0.4,blind_vote:A:k3,0.035199999999999995,1.15,1.15,0.6905800000000001,0.010090000000000002,0.10090000000000002,0.0,0.0,0.010090000000000002
0.4,echo_gate:A:k3,0.062453584000000006,1.21846672,2.0,0.78153328,0.018760240000000004,0.18760240000000003,0.09095327999999991,0.21846672,0.018760240000000004
0.4,blind_gate:A:k3,0.07197399999999998,1.4594199999999997,2.15,0.6905800000000001,0.010090000000000002,0.10090000000000002,0.0,0.3094199999999999,0.010090000000000002
0.4,audit_gate:A:k3,0.09684018800000001,1.41385004,2.0,0.78153328,0.018760240000000004,0.18760240000000003,0.09095327999999991,0.41385004000000003,0.014070180000000003
0.4,serial_last:A:k3,0.1,1.0,1.0,0.78153328,0.018760240000000004,0.18760240000000003,0.09095327999999991,0.0,0.018760240000000004
0.45,exposed_vote:A:k3,0.07598755000000003,1.0,1.0,0.7951568725,0.021590886250000003,0.21590886250000002,0.10457687249999992,0.0,0.021590886250000003
0.45,blind_vote:A:k3,0.035199999999999995,1.15,1.15,0.6905800000000001,0.010090000000000002,0.10090000000000002,0.0,0.0,0.010090000000000002
0.45,echo_gate:A:k3,0.06255951175,1.2048431275,2.0,0.7951568725,0.021590886250000003,0.21590886250000002,0.10457687249999992,0.2048431275,0.021590886250000003
0.45,blind_gate:A:k3,0.07197399999999998,1.4594199999999997,2.15,0.6905800000000001,0.010090000000000002,0.10090000000000002,0.0,0.3094199999999999,0.010090000000000002
0.45,audit_gate:A:k3,0.09691963381249999,1.403632345625,2.0,0.7951568725,0.021590886250000003,0.21590886250000002,0.10457687249999992,0.40363234562499994,0.016193164687500004
0.45,serial_last:A:k3,0.1,1.0,1.0,0.7951568725,0.021590886250000003,0.21590886250000002,0.10457687249999992,0.0,0.021590886250000003
0.5,exposed_vote:A:k3,0.07975,1.0,1.0,0.8094475000000001,0.024973750000000003,0.24973750000000003,0.11886750000000001,0.0,0.024973750000000003
0.5,blind_vote:A:k3,0.035199999999999995,1.15,1.15,0.6905800000000001,0.010090000000000002,0.10090000000000002,0.0,0.0,0.010090000000000002
0.5,echo_gate:A:k3,0.06308424999999998,1.1905525,2.0,0.8094475000000001,0.024973750000000003,0.24973750000000003,0.11886750000000001,0.1905524999999999,0.024973750000000003
0.5,blind_gate:A:k3,0.07197399999999998,1.4594199999999997,2.15,0.6905800000000001,0.010090000000000002,0.10090000000000002,0.0,0.3094199999999999,0.010090000000000002
0.5,audit_gate:A:k3,0.0973131875,1.392914375,2.0,0.8094475000000001,0.024973750000000003,0.24973750000000003,0.11886750000000001,0.3929143749999999,0.018730312500000002
0.5,serial_last:A:k3,0.1,1.0,1.0,0.8094475000000001,0.024973750000000003,0.24973750000000003,0.11886750000000001,0.0,0.024973750000000003
0.55,exposed_vote:A:k3,0.08326945000000002,1.0,1.0,0.8244549775000001,0.028958038750000005,0.28958038750000004,0.1338749775,0.0,0.028958038750000005
0.55,blind_vote:A:k3,0.035199999999999995,1.15,1.15,0.6905800000000001,0.010090000000000002,0.10090000000000002,0.0,0.0,0.010090000000000002
0.55,echo_gate:A:k3,0.06406704324999998,1.1755450225,2.0,0.8244549775000001,0.028958038750000005,0.28958038750000004,0.1338749775,0.17554502249999993,0.028958038750000005
0.55,blind_gate:A:k3,0.07197399999999998,1.4594199999999997,2.15,0.6905800000000001,0.010090000000000002,0.10090000000000002,0.0,0.3094199999999999,0.010090000000000002
0.55,audit_gate:A:k3,0.09805028243750001,1.381658766875,2.0,0.8244549775000001,0.028958038750000005,0.28958038750000004,0.1338749775,0.381658766875,0.021718529062500005
0.55,serial_last:A:k3,0.1,1.0,1.0,0.8244549775000001,0.028958038750000005,0.28958038750000004,0.1338749775,0.0,0.028958038750000005
0.6000000000000001,exposed_vote:A:k3,0.08652160000000002,1.0,1.0,0.84022912,0.03359296000000001,0.3359296000000001,0.14964911999999997,0.0,0.03359296000000001
0.6000000000000001,blind_vote:A:k3,0.035199999999999995,1.15,1.15,0.6905800000000001,0.010090000000000002,0.10090000000000002,0.0,0.0,0.010090000000000002
0.6000000000000001,echo_gate:A:k3,0.065547136,1.15977088,2.0,0.84022912,0.03359296000000001,0.3359296000000001,0.14964911999999997,0.15977087999999995,0.03359296000000001
0.6000000000000001,blind_gate:A:k3,0.07197399999999998,1.4594199999999997,2.15,0.6905800000000001,0.010090000000000002,0.10090000000000002,0.0,0.3094199999999999,0.010090000000000002
0.6000000000000001,audit_gate:A:k3,0.09916035200000001,1.36982816,2.0,0.84022912,0.03359296000000001,0.3359296000000001,0.14964911999999997,0.36982815999999996,0.02519472000000001
0.6000000000000001,serial_last:A:k3,0.1,1.0,1.0,0.84022912,0.03359296000000001,0.3359296000000001,0.14964911999999997,0.0,0.03359296000000001
0.65,exposed_vote:A:k3,0.08948215000000002,1.0,1.0,0.8568197425,0.038927721250000005,0.3892772125,0.16623974249999995,0.0,0.038927721250000005
0.65,blind_vote:A:k3,0.035199999999999995,1.15,1.15,0.6905800000000001,0.010090000000000002,0.10090000000000002,0.0,0.0,0.010090000000000002
0.65,echo_gate:A:k3,0.06756377275,1.1431802575,2.0,0.8568197425,0.038927721250000005,0.3892772125,0.16623974249999995,0.14318025749999996,0.038927721250000005
0.65,blind_gate:A:k3,0.07197399999999998,1.4594199999999997,2.15,0.6905800000000001,0.010090000000000002,0.10090000000000002,0.0,0.3094199999999999,0.010090000000000002
0.65,audit_gate:A:k3,0.1006728295625,1.3573851931249998,2.0,0.8568197425,0.038927721250000005,0.3892772125,0.16623974249999995,0.35738519312499994,0.029195790937500004
0.65,serial_last:A:k3,0.1,1.0,1.0,0.8568197425,0.038927721250000005,0.3892772125,0.16623974249999995,0.0,0.038927721250000005
0.7000000000000001,exposed_vote:A:k3,0.09212680000000002,1.0,1.0,0.87427666,0.045011530000000015,0.4501153000000001,0.18369665999999996,0.0,0.045011530000000015
0.7000000000000001,blind_vote:A:k3,0.035199999999999995,1.15,1.15,0.6905800000000001,0.010090000000000002,0.10090000000000002,0.0,0.0,0.010090000000000002
0.7000000000000001,echo_gate:A:k3,0.070156198,1.12572334,2.0,0.87427666,0.045011530000000015,0.4501153000000001,0.18369665999999996,0.12572333999999996,0.045011530000000015
0.7000000000000001,blind_gate:A:k3,0.07197399999999998,1.4594199999999997,2.15,0.6905800000000001,0.010090000000000002,0.10090000000000002,0.0,0.3094199999999999,0.010090000000000002
0.7000000000000001,audit_gate:A:k3,0.1026171485,1.3442925049999999,2.0,0.87427666,0.045011530000000015,0.4501153000000001,0.18369665999999996,0.34429250499999997,0.03375864750000001
0.7000000000000001,serial_last:A:k3,0.1,1.0,1.0,0.87427666,0.045011530000000015,0.4501153000000001,0.18369665999999996,0.0,0.045011530000000015
0.75,exposed_vote:A:k3,0.09443125000000002,1.0,1.0,0.8926496875000001,0.05189359375000001,0.5189359375,0.20206968749999998,0.0,0.05189359375000001
0.75,blind_vote:A:k3,0.035199999999999995,1.15,1.15,0.6905800000000001,0.010090000000000002,0.10090000000000002,0.0,0.0,0.010090000000000002
0.75,echo_gate:A:k3,0.07336365624999999,1.1073503125,2.0,0.8926496875000001,0.05189359375000001,0.5189359375,0.20206968749999998,0.10735031249999993,0.05189359375000001
0.75,blind_gate:A:k3,0.07197399999999998,1.4594199999999997,2.15,0.6905800000000001,0.010090000000000002,0.10090000000000002,0.0,0.3094199999999999,0.010090000000000002
0.75,audit_gate:A:k3,0.10502274218749999,1.330512734375,2.0,0.8926496875000001,0.05189359375000001,0.5189359375,0.20206968749999998,0.33051273437499995,0.0389201953125
0.75,serial_last:A:k3,0.1,1.0,1.0,0.8926496875000001,0.05189359375000001,0.5189359375,0.20206968749999998,0.0,0.05189359375000001
0.8,exposed_vote:A:k3,0.09637120000000003,1.0,1.0,0.9119886400000001,0.05962312000000002,0.5962312000000002,0.22140864000000005,0.0,0.05962312000000002
0.8,blind_vote:A:k3,0.035199999999999995,1.15,1.15,0.6905800000000001,0.010090000000000002,0.10090000000000002,0.0,0.0,0.010090000000000002
0.8,echo_gate:A:k3,0.077225392,1.0880113599999999,2.0,0.9119886400000001,0.05962312000000002,0.5962312000000002,0.22140864000000005,0.08801135999999987,0.05962312000000002
0.8,blind_gate:A:k3,0.07197399999999998,1.4594199999999997,2.15,0.6905800000000001,0.010090000000000002,0.10090000000000002,0.0,0.3094199999999999,0.010090000000000002
0.8,audit_gate:A:k3,0.10791904399999999,1.31600852,2.0,0.9119886400000001,0.05962312000000002,0.5962312000000002,0.22140864000000005,0.3160085199999999,0.044717340000000015
0.8,serial_last:A:k3,0.1,1.0,1.0,0.9119886400000001,0.05962312000000002,0.5962312000000002,0.22140864000000005,0.0,0.05962312000000002
0.8500000000000001,exposed_vote:A:k3,0.09792235000000002,1.0,1.0,0.9323433325000001,0.06824931625000002,0.6824931625000002,0.24176333250000004,0.0,0.06824931625000002
0.8500000000000001,blind_vote:A:k3,0.035199999999999995,1.15,1.15,0.6905800000000001,0.010090000000000002,0.10090000000000002,0.0,0.0,0.010090000000000002
0.8500000000000001,echo_gate:A:k3,0.08178064975,1.0676566674999999,2.0,0.9323433325000001,0.06824931625000002,0.6824931625000002,0.24176333250000004,0.06765666749999988,0.06824931625000002
0.8500000000000001,blind_gate:A:k3,0.07197399999999998,1.4594199999999997,2.15,0.6905800000000001,0.010090000000000002,0.10090000000000002,0.0,0.3094199999999999,0.010090000000000002
0.8500000000000001,audit_gate:A:k3,0.11133548731250001,1.300742500625,2.0,0.9323433325000001,0.06824931625000002,0.6824931625000002,0.24176333250000004,0.30074250062499996,0.05118698718750002
0.8500000000000001,serial_last:A:k3,0.1,1.0,1.0,0.9323433325,0.06824931625000002,0.6824931625000002,0.24176333249999993,0.0,0.06824931625000002
0.9,exposed_vote:A:k3,0.0990604,1.0,1.0,0.95376358,0.07782139000000002,0.7782139000000001,0.26318358,0.0,0.07782139000000002
0.9,blind_vote:A:k3,0.035199999999999995,1.15,1.15,0.6905800000000001,0.010090000000000002,0.10090000000000002,0.0,0.0,0.010090000000000002
0.9,echo_gate:A:k3,0.08706867400000001,1.04623642,2.0,0.95376358,0.07782139000000002,0.7782139000000001,0.26318358,0.046236419999999945,0.07782139000000002
0.9,blind_gate:A:k3,0.07197399999999998,1.4594199999999997,2.15,0.6905800000000001,0.010090000000000002,0.10090000000000002,0.0,0.3094199999999999,0.010090000000000002
0.9,audit_gate:A:k3,0.11530150550000001,1.284677315,2.0,0.95376358,0.07782139000000002,0.7782139000000001,0.26318358,0.28467731499999993,0.058366042500000014
0.9,serial_last:A:k3,0.1,1.0,1.0,0.95376358,0.07782139000000002,0.7782139000000001,0.26318358,0.0,0.07782139000000002
0.9500000000000001,exposed_vote:A:k3,0.09976105000000002,1.0,1.0,0.9762991975,0.08838854875000003,0.8838854875000003,0.28571919749999997,0.0,0.08838854875000003
0.9500000000000001,blind_vote:A:k3,0.035199999999999995,1.15,1.15,0.6905800000000001,0.010090000000000002,0.10090000000000002,0.0,0.0,0.010090000000000002
0.9500000000000001,echo_gate:A:k3,0.09312870925000002,1.0237008025,2.0,0.9762991975,0.08838854875000003,0.8838854875000003,0.28571919749999997,0.02370080249999995,0.08838854875000003
0.9500000000000001,blind_gate:A:k3,0.07197399999999998,1.4594199999999997,2.15,0.6905800000000001,0.010090000000000002,0.10090000000000002,0.0,0.3094199999999999,0.010090000000000002
0.9500000000000001,audit_gate:A:k3,0.11984653193750001,1.267775601875,2.0,0.9762991975,0.08838854875000003,0.8838854875000003,0.28571919749999997,0.26777560187499994,0.06629141156250003
0.9500000000000001,serial_last:A:k3,0.1,1.0,1.0,0.9762991975,0.08838854875000002,0.8838854875000002,0.28571919749999997,0.0,0.08838854875000002
1.0,exposed_vote:A:k3,0.10000000000000002,1.0,1.0,1.0,0.10000000000000002,1.0000000000000002,0.3094199999999999,0.0,0.10000000000000002
1.0,blind_vote:A:k3,0.035199999999999995,1.15,1.15,0.6905800000000001,0.010090000000000002,0.10090000000000002,0.0,0.0,0.010090000000000002
1.0,echo_gate:A:k3,0.10000000000000002,1.0,2.0,1.0,0.10000000000000002,1.0000000000000002,0.3094199999999999,0.0,0.10000000000000002
1.0,blind_gate:A:k3,0.07197399999999998,1.4594199999999997,2.15,0.6905800000000001,0.010090000000000002,0.10090000000000002,0.0,0.3094199999999999,0.010090000000000002
1.0,audit_gate:A:k3,0.125,1.25,2.0,1.0,0.10000000000000002,1.0000000000000002,0.3094199999999999,0.25,0.07500000000000001
1.0,serial_last:A:k3,0.1,1.0,1.0,1.0,0.10000000000000002,1.0000000000000002,0.3094199999999999,0.0,0.10000000000000002
