world,policy,memory,replicates,error,error_ci95,error_late,error_late_ci95,net,net_ci95,net_late,net_late_ci95,regret,regret_ci95,regret_late,regret_late_ci95,hit,hit_ci95,hit_late,hit_late_ci95,acquisition_cost,acquisition_cost_ci95,acquisition_cost_late,acquisition_cost_late_ci95,production_cost,production_cost_ci95,production_cost_late,production_cost_late_ci95
no_echo,Final_uniform,reset,128,0.10471842578125,0.000561327031966007,0.10444536328125001,0.0009663371635562037,0.6235336955998737,0.0017370156681323521,0.6253139402732848,0.0030335847664224335,0.2458005950520834,0.0017392432956385058,0.24392621875000006,0.0030316354689030583,0.0003255208333333333,0.0004493691709386706,0.00048828125,0.0009570312499999999,214.78815104166665,0.07609073643358455,215.18681640624993,0.13711680741471008,0.48786588541666664,0.004928026836026981,0.4351064453125,0.00941035241158352
no_echo,Final_uniform,cumulative,128,0.04918522493489584,0.001974999622538972,0.031297542480468746,0.0022803496447474482,0.780450056712087,0.0056317891670581285,0.8300612497352601,0.006382916264749904,0.08897219052734376,0.005633308147435253,0.03928536318359374,0.006385977562085218,0.14469401041666669,0.03551698816076363,0.27783203125,0.06957364110536819,214.78815104166665,0.07609073643358455,215.18681640624993,0.13711680741471008,0.9764257861328125,0.034146500978171825,1.175236787109375,0.060341776804117085
no_echo,Final_uniform,window8,128,0.07116494397054036,0.0013743960285578715,0.07290109045654297,0.0026520786278403014,0.716684899947174,0.003897756264272619,0.712049877692627,0.007569941825267598,0.1526994784746094,0.0038950285850325155,0.1572423161855469,0.007569142518303691,0.06380208333333333,0.007615953667569691,0.05712890625,0.010439287573530522,214.78815104166665,0.07609073643358455,215.18681640624993,0.13711680741471008,0.865832328149414,0.019296136291579426,0.8325522407958984,0.03251530006999242
no_echo,Full_trace,reset,128,0.018641582682291664,0.00018204450784043712,0.018634045898437496,0.00031034879843925173,0.8592771640065512,0.0005591248626875607,0.8592802801742554,0.0009622615764253225,0.005519583984375001,0.0005585062001631176,0.005518653320312501,0.0009617907638658416,0.33056640625,0.011630220229103759,0.32861328125,0.02149452710378497,233.59999999999994,9.886314037746518e-15,233.59999999999994,9.886314037746518e-15,1.3853417968750001,0.002432588208475142,1.38642578125,0.004438939546375362
no_echo,Full_trace,cumulative,128,0.017721674479166664,2.439894850528604e-05,0.017703999999999998,0.0,0.8647467944946288,7.618101355679225e-05,0.86485675,1.9309207104973668e-17,0.00010582291666666672,7.611214173800482e-05,0.0,0.0,0.9869791666666665,0.001811686206724568,1.0,0.0,233.59999999999994,9.886314037746518e-15,233.59999999999994,9.886314037746518e-15,1.2526399739583334,0.0003763369127965341,1.25,0.0
no_echo,Full_trace,window8,128,0.017721674479166664,2.439894850528604e-05,0.017703999999999998,0.0,0.8647467944946288,7.618101355679225e-05,0.86485675,1.9309207104973668e-17,0.00010582291666666672,7.611214173800482e-05,0.0,0.0,0.9869791666666665,0.001811686206724568,1.0,0.0,233.59999999999994,9.886314037746518e-15,233.59999999999994,9.886314037746518e-15,1.2526399739583334,0.0003763369127965341,1.25,0.0
no_echo,Randomized_exposure,reset,128,0.019438481445312496,0.00021937096930057344,0.019474248046874996,0.00041603070647456154,0.8578556112035116,0.000676683319944111,0.8577278343582153,0.0012894637897685787,0.007204486002604166,0.0006760708617313772,0.007333693359375001,0.0012886323971102152,0.5084635416666667,0.01211459323332714,0.50146484375,0.021114032969301942,232.5,0.0,232.5,0.0,1.3500520833333334,0.002774114000999282,1.3511474609375,0.004754643079498013
no_echo,Randomized_exposure,cumulative,128,0.017721674479166664,3.464197916666669e-05,0.017703999999999998,0.0,0.8633276120351157,0.000259648064180496,0.863493285167694,0.0003055048852883879,0.0017864869791666682,0.00025946071274210073,0.0016269531250000014,0.0003053320974414967,0.5667317708333334,0.061822314192470175,0.59326171875,0.07633302436037412,232.5,0.0,232.5,0.0,1.3366731770833333,0.012360978407852906,1.3313476562499997,0.01526660487207482
no_echo,Randomized_exposure,window8,128,0.017721674479166664,3.464197916666669e-05,0.017703999999999998,0.0,0.8632099381612143,0.00016467877469599951,0.8632443070297242,0.00020974372415639197,0.001893908854166668,0.00016437831237113391,0.0018613281250000017,0.00020950079026574198,0.5398763020833334,0.03143819596457041,0.53466796875,0.05237519756643546,232.5,0.0,232.5,0.0,1.342044270833333,0.0062881135714738445,1.3430664062500002,0.010475039513287087
no_echo,Ignore_echo,reset,128,0.01857260286458333,0.00018120145752089763,0.018605398437499997,0.00030848718937399503,0.8621688982988993,0.0005620547845102079,0.8620622926559449,0.0009562448152439187,0.002681394531249999,0.0005612873003681765,0.0027905234374999994,0.0009550057957767804,0.9835611979166665,0.0033483232780878456,0.9833984375,0.005681582241306818,233.59999999999994,9.886314037746518e-15,233.59999999999994,9.886314037746518e-15,1.253779296875,0.0009553610583282506,1.2543164062499998,0.0014772113827397665
no_echo,Ignore_echo,cumulative,128,0.017721674479166664,2.439894850528604e-05,0.017703999999999998,0.0,0.8647994311180116,7.561585221058669e-05,0.86485675,1.9309207104973668e-17,5.471614583333332e-05,7.553356520473925e-05,0.0,0.0,0.9996744791666666,0.00044936917093867145,1.0,0.0,233.59999999999994,9.886314037746518e-15,233.59999999999994,9.886314037746518e-15,1.2500846354166666,0.00011683598444405347,1.25,0.0
no_echo,Ignore_echo,window8,128,0.017721674479166664,2.439894850528604e-05,0.017703999999999998,0.0,0.8647994311180116,7.561585221058669e-05,0.86485675,1.9309207104973668e-17,5.471614583333332e-05,7.553356520473925e-05,0.0,0.0,0.9996744791666666,0.00044936917093867145,1.0,0.0,233.59999999999994,9.886314037746518e-15,233.59999999999994,9.886314037746518e-15,1.2500846354166666,0.00011683598444405347,1.25,0.0
no_echo,exposed_vote:A:k3,none,128,0.0352,0.0,0.0352,1.2068254440608543e-18,0.8743999999999997,3.8618414209947337e-17,0.8743999999999997,5.7927621314921e-17,0.04748799999999999,2.4136508881217085e-18,0.04748799999999999,2.4136508881217085e-18,0.0,0.0,0.0,0.0,0.0,0.0,0.0,0.0,1.0,0.0,1.0,0.0
no_echo,blind_vote:A:k3,none,128,0.0352,0.0,0.0352,1.2068254440608543e-18,0.8713974568684896,3.8618414209947337e-17,0.8713999999999996,5.7927621314921e-17,0.050487999999999984,2.4136508881217085e-18,0.050487999999999984,3.620476332182563e-18,0.0,0.0,0.0,0.0,0.0,0.0,0.0,0.0,1.15,3.8618414209947337e-17,1.15,0.0
high_echo,Final_uniform,reset,128,0.11108915572916667,0.0005829693272320977,0.10631161640625,0.0010023833571081435,0.605636760710144,0.0018401674750060297,0.6210930896888732,0.003170919824767299,0.2610172562500001,0.0018386974637349344,0.24546373593750007,0.0031700941598781316,0.0,0.0,0.0,0.0,209.38141276041665,0.06504629374679065,209.79277343749993,0.10992972371607386,0.49308945312499997,0.005459570483238827,0.4320443359374999,0.008877373877046027
high_echo,Final_uniform,cumulative,128,0.05983453545610678,0.002173140348912584,0.03307979430979374,0.002944847541226245,0.7475954078221283,0.006398610019455278,0.8207585267334139,0.008212941477909253,0.11914948635308334,0.006399336489892019,0.04590463357923875,0.008212680568049547,0.10888671875,0.030865913702739067,0.21533203125,0.06135252894195913,209.38141276041665,0.06504629374679065,209.79277343749993,0.10992972371607386,1.0878939992381509,0.038830199816870616,1.438862532492875,0.07281593326228059
high_echo,Final_uniform,window8,128,0.08788492657920181,0.0012409354179281178,0.09179143280890781,0.0019075389441279855,0.6690075722258828,0.003652644522148828,0.657576884320942,0.005522868318157216,0.1977028903328636,0.0036523271825173106,0.20903567164829628,0.005526919197213928,0.027018229166666664,0.005010044824702587,0.05078125,0.010933623821027685,209.38141276041665,0.06504629374679065,209.79277343749993,0.10992972371607386,0.8080055297629036,0.02055925673621656,0.7886686610786406,0.033475231814188544
high_echo,Full_trace,reset,128,0.018799229166666664,0.00017030257724891777,0.018949167968749996,0.0003654610614039545,0.8575317053782148,0.0005193702514233558,0.8570837477149964,0.0011131240063766185,0.003317653645833333,0.0005186785582658188,0.0037673398437499993,0.0011116213389932052,0.9791666666666667,0.003137932557418678,0.97607421875,0.006810257189558645,233.59999999999994,9.886314037746518e-15,233.59999999999994,9.886314037746518e-15,1.4515983072916665,0.0006186999472811344,1.4515917968749998,0.0012874507971930794
high_echo,Full_trace,cumulative,128,0.017730511718749998,2.976366953272019e-05,0.017703999999999998,0.0,0.8607735378888453,9.056390776961193e-05,0.8608567500000001,0.0,8.060937499999998e-05,9.04969919665853e-05,0.0,0.0,0.99951171875,0.0005481742583748392,1.0,0.0,233.59999999999994,9.886314037746518e-15,233.59999999999994,9.886314037746518e-15,1.4500537109374996,6.029916842122996e-05,1.4499999999999995,7.723682841989467e-17
high_echo,Full_trace,window8,128,0.017730511718749998,2.976366953272019e-05,0.017703999999999998,0.0,0.8607735378888453,9.056390776961193e-05,0.8608567500000001,0.0,8.060937499999998e-05,9.04969919665853e-05,0.0,0.0,0.99951171875,0.0005481742583748392,1.0,0.0,233.59999999999994,9.886314037746518e-15,233.59999999999994,9.886314037746518e-15,1.4500537109374996,6.029916842122996e-05,1.4499999999999995,7.723682841989467e-17
high_echo,Randomized_exposure,reset,128,0.022668068268229164,0.0004491636195457438,0.0226280123890625,0.0007120098547837234,0.8463580088577779,0.0013390244729782983,0.8464451494058409,0.0021221710918213547,0.014747725638020834,0.001337722940879252,0.014663287167187497,0.0021200967326564005,0.92529296875,0.00639770479701818,0.9267578125,0.010086883016102163,232.5,0.0,232.5,0.0,1.4427760416666664,0.0015836717956552342,1.4445625,0.0025417573317323963
high_echo,Randomized_exposure,cumulative,128,0.01782081521458333,8.216448259114627e-05,0.017703999999999998,0.0,0.8607765244452088,0.00024427957920020887,0.8611253046874997,5.7927621314921e-17,0.00034601856041666665,0.0002441508026591198,0.0,0.0,0.9982096354166666,0.001200655972445177,1.0,0.0,232.5,0.0,232.5,0.0,1.4497786458333328,0.0002751568320876405,1.4499999999999995,7.723682841989467e-17
high_echo,Randomized_exposure,window8,128,0.01782081521458333,8.216448259114627e-05,0.017703999999999998,0.0,0.8607765244452088,0.00024427957920020887,0.8611253046874997,5.7927621314921e-17,0.00034601856041666665,0.0002441508026591198,0.0,0.0,0.9982096354166666,0.001200655972445177,1.0,0.0,232.5,0.0,232.5,0.0,1.4497786458333328,0.0002751568320876405,1.4499999999999995,7.723682841989467e-17
high_echo,Ignore_echo,reset,128,0.099610346175,0.00023312575305986464,0.09977116532500002,0.000486858168219126,0.6191165525445392,0.0007038118635999466,0.6186386251301943,0.0014696500589556408,0.2417332833166666,0.0007031428192296234,0.242213058475,0.0014682584292473589,0.0,0.0,0.0,0.0,233.59999999999994,9.886314037746518e-15,233.59999999999994,9.886314037746518e-15,1.2507122395833337,0.0003304868194620875,1.2505781249999999,0.0007721561977829382
high_echo,Ignore_echo,cumulative,128,0.09824664881875,4.1765700214848375e-05,0.09820944640000001,2.4136508881217085e-18,0.6232256929950948,0.0001259341176762791,0.6233404108000002,3.8618414209947337e-17,0.23762845426874996,0.00012586720187325435,0.23751633919999995,9.654603552486834e-18,0.0,0.0,0.0,0.0,233.59999999999994,9.886314037746518e-15,233.59999999999994,9.886314037746518e-15,1.2500253906249998,2.8505061435491377e-05,1.25,0.0
high_echo,Ignore_echo,window8,128,0.09824664881875,4.1765700214848375e-05,0.09820944640000001,2.4136508881217085e-18,0.6232256929950948,0.0001259341176762791,0.6233404108000002,3.8618414209947337e-17,0.23762845426874996,0.00012586720187325435,0.23751633919999995,9.654603552486834e-18,0.0,0.0,0.0,0.0,233.59999999999994,9.886314037746518e-15,233.59999999999994,9.886314037746518e-15,1.2500253906249998,2.8505061435491377e-05,1.25,0.0
high_echo,exposed_vote:A:k3,none,128,0.09637120000000005,2.4136508881217085e-18,0.09637120000000005,2.4136508881217085e-18,0.6908864,0.0,0.6908864,1.9309207104973668e-17,0.22700160000000003,1.448190532873025e-17,0.22700160000000003,1.448190532873025e-17,0.0,0.0,0.0,0.0,0.0,0.0,0.0,0.0,1.0,0.0,1.0,0.0
high_echo,blind_vote:A:k3,none,128,0.0352,0.0,0.0352,1.2068254440608543e-18,0.8713974568684896,3.8618414209947337e-17,0.8713999999999996,5.7927621314921e-17,0.04648799999999999,2.4136508881217085e-18,0.04648799999999999,2.4136508881217085e-18,0.0,0.0,0.0,0.0,0.0,0.0,0.0,0.0,1.15,3.8618414209947337e-17,1.15,0.0
both_dependences,Final_uniform,reset,128,0.11045339409166666,0.0005371959542786948,0.106050688525,0.0008974052310770739,0.6083389202182861,0.0016954168784490823,0.6226112830463683,0.0028385342809676604,0.09392490818645842,0.0016952682320133259,0.07956206948125011,0.002835342133756572,0.0,0.0,0.0,0.0,206.52399088541665,0.0507147566001148,206.90996093749993,0.10596826333103761,0.48823629557291665,0.005052432374113666,0.43050019531249994,0.008165150293923402
both_dependences,Final_uniform,cumulative,128,0.09727873220978647,0.0013555728180241445,0.09144665784984687,0.0018269090275649935,0.6362959418010505,0.00404067441405061,0.6505414214804868,0.005024053416158854,0.06605264440856466,0.0040400689700590365,0.05172920582740506,0.005022002311526877,0.05485026041666667,0.025524334044166774,0.080078125,0.03996102363999421,206.52399088541665,0.0507147566001148,206.90996093749993,0.10596826333103761,1.0708223889602604,0.05016118074520761,1.2294616138932186,0.07896587428353714
both_dependences,Final_uniform,window8,128,0.10294797168511616,0.0007887337827218286,0.10305250218232656,0.0014155800664767417,0.6254769784389287,0.002512045782628942,0.6255975776043774,0.004391017823202116,0.07684178558008384,0.0025101343143160816,0.07663210131255385,0.004391765173357198,0.010091145833333334,0.0027169395044781466,0.009765625,0.004389777270558631,206.52399088541665,0.0507147566001148,206.90996093749993,0.10596826333103761,0.7598935262367656,0.020008543331205685,0.7337297382787031,0.033429493897434506
both_dependences,Full_trace,reset,128,0.07821759635416667,0.00017046847760575568,0.07829815625,0.0003007902323861353,0.6822268313496909,0.00036382295724916744,0.6820919824371338,0.0006358609546324679,0.013463876302083379,0.00036284336268295177,0.013598804687500046,0.0006341632055949803,0.5183919270833333,0.012791494895957605,0.5146484375,0.022388070244322822,233.59999999999994,9.886314037746518e-15,233.59999999999994,9.886314037746518e-15,1.3005543619791666,0.008461224680269325,1.2952167968750001,0.015201187210910135
both_dependences,Full_trace,cumulative,128,0.07422959895833331,0.0004928724477933058,0.07297327343749999,0.0004731043966741698,0.6909913763122559,0.0010545928878176968,0.6936796954116821,0.001021678515652875,0.004766088541666684,0.0010536925942666025,0.0020858359375000076,0.001020940189429219,0.8229166666666666,0.0392006154089652,0.921875,0.03821487848660601,233.59999999999994,9.886314037746518e-15,233.59999999999994,9.886314037746518e-15,1.4638645833333335,0.02321716883896534,1.5183007812499998,0.021671857253896927
both_dependences,Full_trace,window8,128,0.07562623958333332,0.0003407140828014381,0.07580389062500001,0.0005563791883675838,0.6878867745602926,0.0007327959249988883,0.6874796391983032,0.001190971574559386,0.007859623697916695,0.0007316971130406254,0.008269679687500031,0.0011893482246000428,0.7071940104166667,0.02721417348959139,0.6904296875,0.04452643734678272,233.59999999999994,9.886314037746518e-15,233.59999999999994,9.886314037746518e-15,1.4090452473958335,0.015988144247211095,1.402900390625,0.026920093252517215
both_dependences,Randomized_exposure,reset,128,0.08264541955416665,0.0004070026999771255,0.08268587605,0.0007842182129591827,0.6697201000996054,0.0011526909101834612,0.6695670008630615,0.002224211858747137,0.026229108922916716,0.0011518969293887965,0.026382327368750055,0.002223220551875325,0.46956380208333337,0.012135444044553865,0.4716796875,0.020999811046481156,232.5,0.0,232.5,0.0,1.2746425130208334,0.009139031991950626,1.2762349609374999,0.015365712560170684
both_dependences,Randomized_exposure,cumulative,128,0.07498331352499998,0.0006280967723532245,0.07371696093749999,0.0006538628397305656,0.6894466741431193,0.0013519704382740237,0.6922756685295106,0.0014142520433010801,0.006578431460416689,0.0013510106639617963,0.0037575234375000132,0.0014135927328968033,0.77099609375,0.0485080802281953,0.859375,0.052904649548953984,232.5,0.0,232.5,0.0,1.4414245442708333,0.029436197126798316,1.4903320312499997,0.03030198095034995
both_dependences,Randomized_exposure,window8,128,0.07630811334583332,0.00039816208890150413,0.0760515859375,0.0005634554505655959,0.686500181098466,0.0008741431402376171,0.6872037397117615,0.0011942098415305526,0.009511652537500033,0.0008728809191305242,0.008810617187500033,0.0011927609998542816,0.6627604166666667,0.030277221363978375,0.6708984375,0.04447717166705807,232.5,0.0,232.5,0.0,1.3893656250000002,0.018047522137775544,1.3927929687500002,0.027536953721806923
both_dependences,Ignore_echo,reset,128,0.1374910832125,0.0009756961034316686,0.13734844075,0.0016976704281553444,0.5078856597163921,0.0030223782439352575,0.5083566977771606,0.0052645600736877735,0.18780427307500008,0.0030233029722920675,0.18733492381250005,0.005266208559071337,0.0,0.0,0.0,0.0,233.59999999999994,9.886314037746518e-15,233.59999999999994,9.886314037746518e-15,1.1265511718749999,0.0064281612527184425,1.124480078125,0.011769260345653287
both_dependences,Ignore_echo,cumulative,128,0.15938901215,0.003168787785354139,0.16694707986249996,0.0032058839423324756,0.4396502731063253,0.009686022401723393,0.41631876777486587,0.0097143842978887,0.2561060195229167,0.009687015545577141,0.2794458098999999,0.009715222595721539,0.0,0.0,0.0,0.0,233.59999999999994,9.886314037746518e-15,233.59999999999994,9.886314037746518e-15,1.256949153645833,0.012255902987771426,1.2902285156249997,0.00844373926694937
both_dependences,Ignore_echo,window8,128,0.15124816597500002,0.0021170631668440735,0.15001824505,0.0033931071649330982,0.46465408856944584,0.0064855278765899435,0.46838934531722415,0.010396362027962182,0.23109189245625003,0.00648647404536269,0.22735973515000002,0.010398006609219614,0.0,0.0,0.0,0.0,233.59999999999994,9.886314037746518e-15,233.59999999999994,9.886314037746518e-15,1.2273697265624999,0.009695811876534545,1.2252499999999997,0.01638986602648544
both_dependences,exposed_vote:A:k3,none,128,0.0991936,4.827301776243417e-18,0.0991936,4.827301776243417e-18,0.6824191999999999,0.0,0.6824191999999999,0.0,0.07038080000000015,0.0,0.07038080000000015,2.4136508881217085e-18,0.0,0.0,0.0,0.0,0.0,0.0,0.0,0.0,1.0,0.0,1.0,0.0
both_dependences,blind_vote:A:k3,none,128,0.08560000000000005,4.827301776243417e-18,0.08560000000000005,4.827301776243417e-18,0.7201974568684898,3.8618414209947337e-17,0.7202000000000001,1.9309207104973668e-17,0.03260000000000017,2.4136508881217085e-18,0.03260000000000017,2.4136508881217085e-18,0.0,0.0,0.0,0.0,0.0,0.0,0.0,0.0,1.15,3.8618414209947337e-17,1.15,0.0
echo_shift,Final_uniform,reset,128,0.10722297745651041,0.000543204519625569,0.10644395453750001,0.0009413118729205877,0.6166495252362121,0.0016988290753875192,0.6206497518812744,0.0029867945366254954,0.25135704620416677,0.0016990054764153108,0.24593729330000005,0.0029861038477442302,0.0,0.0,0.0,0.0,212.03375651041665,0.0718215394611963,209.67021484374993,0.12378349619693356,0.4900056917317709,0.00509643414445717,0.43587148437499995,0.00923265319194598
echo_shift,Final_uniform,cumulative,128,0.05648051646333333,0.002170604615305319,0.04285059741578125,0.004108522479764717,0.7576954468344079,0.006213796418440592,0.7935219465976001,0.01167423368475509,0.11039771028661459,0.006213596445443363,0.07316940671203126,0.011678344430916822,0.11197916666666666,0.027787392392277104,0.244140625,0.0641710684451383,212.03375651041665,0.0718215394611963,209.67021484374993,0.12378349619693356,1.053408044830729,0.03679486352308568,1.336480723234375,0.0698870365749252
echo_shift,Final_uniform,window8,128,0.07825970652953906,0.0011825531262349125,0.09042875569379219,0.0020105726947120765,0.6963927968081967,0.0034055146558082455,0.6616124781447258,0.005892611410571578,0.17166422002987713,0.0034061656159865847,0.20502725754253004,0.005894072369375651,0.048177083333333336,0.0056886297796052455,0.06396484375,0.012487693555853743,212.03375651041665,0.0718215394611963,209.67021484374993,0.12378349619693356,0.8498550220629948,0.019078159317082188,0.7926495230576718,0.030320859478297543
echo_shift,Full_trace,reset,128,0.018856106445312496,0.00019638009565123898,0.018897027343749997,0.00034279685360075787,0.857982561223348,0.0005986676999622678,0.8572245001487733,0.0010436104208454786,0.004840889648437501,0.0005981131757115092,0.0036274218749999987,0.0010422802226175388,0.6531575520833334,0.00878936071341436,0.97802734375,0.006313482643302597,233.59999999999994,9.886314037746518e-15,233.59999999999994,9.886314037746518e-15,1.419228515625,0.001769952053799378,1.4524169921874999,0.0006944830907632985
echo_shift,Full_trace,cumulative,128,0.017787189979166666,6.0985500793686244e-05,0.017703999999999998,0.0,0.8625476055220438,0.000180985596550087,0.8608567500000001,0.0,0.0003023694166666667,0.00018097516382616563,0.0,0.0,0.9853515624999999,0.001831919309342084,1.0,0.0,233.59999999999994,9.886314037746518e-15,233.59999999999994,9.886314037746518e-15,1.3526399739583335,0.0003812111681323468,1.4499999999999995,7.723682841989467e-17
echo_shift,Full_trace,window8,128,0.017721674479166664,2.439894850528604e-05,0.017703999999999998,0.0,0.8627408968137105,7.514678341425747e-05,0.8608567500000001,0.0,0.00010907812500000004,7.510897214133782e-05,0.0,0.0,0.9861653645833333,0.001711380954376718,1.0,0.0,233.59999999999994,9.886314037746518e-15,233.59999999999994,9.886314037746518e-15,1.3528027343750002,0.0003501836246654661,1.4499999999999995,7.723682841989467e-17
echo_shift,Randomized_exposure,reset,128,0.021481987199479163,0.00036037603538600156,0.023211787299999998,0.0008003615775993433,0.8508083611719992,0.0010849224631255267,0.8447283451274352,0.0023839997924201516,0.012273173838020832,0.001083942735644007,0.016378303306249994,0.0023818092215236258,0.7122395833333334,0.009465410281179849,0.9189453125,0.011151756183714848,232.5,0.0,232.5,0.0,1.3969606119791667,0.0023397459719535552,1.4427470703125,0.0024573775725327623
echo_shift,Randomized_exposure,cumulative,128,0.021129397035416664,0.0008313601831041751,0.018372258099999997,0.0005722892390783481,0.8520618780351379,0.0023821207788586925,0.8591532566753415,0.0016886855581787618,0.011052916366666669,0.0023821793453683597,0.001971571175,0.0016884329086763856,0.7239583333333334,0.026568395208098797,0.99169921875,0.007108702139664778,232.5,0.0,232.5,0.0,1.3888362630208333,0.0076831563751927874,1.4483398437499995,0.0014217404279329555
echo_shift,Randomized_exposure,window8,128,0.019596334335416667,0.0003969791698733353,0.017703999999999998,0.0,0.8565919578079082,0.0011673085999939217,0.8611253046874997,5.7927621314921e-17,0.006520134516666668,0.0011673204911261826,0.0,0.0,0.7454427083333333,0.021069068884932398,1.0,0.0,232.5,0.0,232.5,0.0,1.3921565755208336,0.004479068044120078,1.4499999999999995,7.723682841989467e-17
echo_shift,Ignore_echo,reset,128,0.05926437991822918,0.0002337673397303437,0.09980915040625002,0.00047753375476594856,0.7401079009328735,0.0007131319161138441,0.6185148136814578,0.0014404464377409212,0.12274149782760416,0.0007123351181092608,0.24233728715624997,0.0014391195934277817,0.48958333333333337,0.002601836227599528,0.0,0.0,233.59999999999994,9.886314037746518e-15,233.59999999999994,9.886314037746518e-15,1.2530179036458333,0.0007691801154397437,1.251091796875,0.0003259164564966381
echo_shift,Ignore_echo,cumulative,128,0.05797439767916667,2.4398948505285967e-05,0.09820944640000001,2.4136508881217085e-18,0.7440412813862265,7.55884198398648e-05,0.6233404108000002,3.8618414209947337e-17,0.11881288574583332,7.55335652047392e-05,0.23751633919999995,9.654603552486834e-18,0.49967447916666663,0.0004493691709386703,0.0,0.0,233.59999999999994,9.886314037746518e-15,233.59999999999994,9.886314037746518e-15,1.2500846354166666,0.00011683598444405347,1.25,0.0
echo_shift,Ignore_echo,window8,128,0.05797439767916667,2.4398948505285967e-05,0.09820944640000001,2.4136508881217085e-18,0.7440412813862265,7.55884198398648e-05,0.6233404108000002,3.8618414209947337e-17,0.11881288574583332,7.55335652047392e-05,0.23751633919999995,9.654603552486834e-18,0.49967447916666663,0.0004493691709386703,0.0,0.0,233.59999999999994,9.886314037746518e-15,233.59999999999994,9.886314037746518e-15,1.2500846354166666,0.00011683598444405347,1.25,0.0
echo_shift,exposed_vote:A:k3,none,128,0.06578560000000001,0.0,0.09637120000000005,2.4136508881217085e-18,0.7826432000000002,3.8618414209947337e-17,0.6908864,1.9309207104973668e-17,0.1372448,9.654603552486834e-18,0.22700160000000003,1.448190532873025e-17,0.0,0.0,0.0,0.0,0.0,0.0,0.0,0.0,1.0,0.0,1.0,0.0
echo_shift,blind_vote:A:k3,none,128,0.0352,0.0,0.0352,1.2068254440608543e-18,0.8713974568684896,3.8618414209947337e-17,0.8713999999999996,5.7927621314921e-17,0.04848799999999999,2.4136508881217085e-18,0.04648799999999999,2.4136508881217085e-18,0.0,0.0,0.0,0.0,0.0,0.0,0.0,0.0,1.15,3.8618414209947337e-17,1.15,0.0
source_asymmetry,Final_uniform,reset,128,0.110085140496875,0.0005759732758853834,0.10489793359375002,0.0008821930451416566,0.608491532331193,0.0018123295341054464,0.6252261752548216,0.002790351858663078,0.23041628867812505,0.0018105557517288826,0.21359520312500002,0.0027843329144900016,0.0,0.0,0.0,0.0,210.66917317708328,0.06984423873492558,211.03837890624993,0.11694281509742056,0.485243359375,0.005444828703040136,0.42227011718749996,0.008203640862052582
source_asymmetry,Final_uniform,cumulative,128,0.06352434397203124,0.0019052379903584454,0.04390533827218749,0.0023931649794637845,0.7378549366389258,0.005351179688776247,0.7900170846433094,0.006524247676668649,0.10114403974046875,0.00535276583737896,0.048907111748749996,0.006525863671703607,0.053385416666666664,0.02063031566335826,0.12646484375,0.04987730308597634,210.66917317708328,0.06984423873492558,211.03837890624993,0.11694281509742056,1.0057503912187502,0.03893933360336793,1.336754846609375,0.0713860140204203
source_asymmetry,Final_uniform,window8,128,0.08247471715688653,0.0013369733962435742,0.08315500361041231,0.0024412998989024916,0.6851260736543303,0.0038503828148627626,0.683413563014396,0.0069509311111460945,0.1538381333489453,0.003850901319085566,0.15546724119626676,0.006956150741937917,0.01839192708333333,0.004066748633198175,0.04296875,0.01005394032117713,210.66917317708328,0.06984423873492558,211.03837890624993,0.11694281509742056,0.7978990939142845,0.020385132849138187,0.7773115182514901,0.03829689774082319
source_asymmetry,Full_trace,reset,128,0.029826021096875002,0.00027655913862794246,0.029636906290624994,0.0005196170450626331,0.8245014434563029,0.0008409337510986958,0.8250809791070983,0.0015828687177797606,0.008899981259374997,0.0008396004049940421,0.008322968871874996,0.0015804130062090137,0.90673828125,0.007699198040121127,0.9091796875,0.013847363526518322,233.59999999999994,9.886314037746518e-15,233.59999999999994,9.886314037746518e-15,1.4482958984374998,0.0013723630161643317,1.4478125,0.0024599269852249345
source_asymmetry,Full_trace,cumulative,128,0.026928293630208332,4.4278545725396735e-05,0.026847999999999997,1.2068254440608543e-18,0.833180722302022,0.00013461243612616084,0.8334247500000003,3.8618414209947337e-17,0.00024120641145833322,0.00013448560703814495,0.0,0.0,0.99755859375,0.0013298546323779234,1.0,0.0,233.59999999999994,9.886314037746518e-15,233.59999999999994,9.886314037746518e-15,1.4500162760416662,0.00022209831030438405,1.4499999999999995,7.723682841989467e-17
source_asymmetry,Full_trace,window8,128,0.026928293630208332,4.4278545725396735e-05,0.026847999999999997,1.2068254440608543e-18,0.833180722302022,0.00013461243612616084,0.8334247500000003,3.8618414209947337e-17,0.00024120641145833322,0.00013448560703814495,0.0,0.0,0.99755859375,0.0013298546323779234,1.0,0.0,233.59999999999994,9.886314037746518e-15,233.59999999999994,9.886314037746518e-15,1.4500162760416662,0.00022209831030438405,1.4499999999999995,7.723682841989467e-17
source_asymmetry,Randomized_exposure,reset,128,0.03414085313541668,0.0003537878984346608,0.03393349146250001,0.0005372071115726853,0.8133414331703492,0.0010727450373074876,0.8140021561895874,0.0016303426332918481,0.020281339354166678,0.0010719074357639154,0.01962284157500001,0.0016288584402257113,0.48909505208333337,0.013826834081682565,0.490234375,0.02196990516187376,232.5,0.0,232.5,0.0,1.3701389973958333,0.0030480211530053837,1.3683183593750001,0.005112602849493743
source_asymmetry,Randomized_exposure,cumulative,128,0.029364770879166675,0.00045727331085106956,0.028868801921875003,0.0005523960461672172,0.8272822332367777,0.001159133989632678,0.8285933446578065,0.0013932237763671766,0.0063997267000000125,0.0011587227076883984,0.005095608890625011,0.0013929095046505428,0.7091471354166667,0.05423799849292582,0.75830078125,0.06606965846277725,232.5,0.0,232.5,0.0,1.3924707031249999,0.010847712025826973,1.40166015625,0.013213931692555449
source_asymmetry,Randomized_exposure,window8,128,0.03008736065729168,0.00027101201726574775,0.030044541221875005,0.0004256157433446644,0.8254515839585552,0.000692525711547044,0.8256153349220215,0.0010738463692035786,0.008221792909375015,0.0006921450217201475,0.008060326790625016,0.0010732231310255028,0.6227213541666667,0.031782813850551365,0.61767578125,0.05090602475212262,232.5,0.0,232.5,0.0,1.375185546875,0.00636792598898402,1.37353515625,0.010181204950424523
source_asymmetry,Ignore_echo,reset,128,0.043856060615625005,0.0009356706928403651,0.043102109384375004,0.001728766162796983,0.7863764587832112,0.002811675057064723,0.7886375200371826,0.005194746284831028,0.047032476117708374,0.0028103941091688687,0.04477459377812504,0.005192349489363917,0.0,0.0,0.0,0.0,233.59999999999994,9.886314037746518e-15,233.59999999999994,9.886314037746518e-15,1.2504147135416668,0.0005756644391889282,1.2506132812500002,0.0008804771374985628
source_asymmetry,Ignore_echo,cumulative,128,0.03545619428958334,0.00014779590963271438,0.0352088128,2.4136508881217085e-18,0.8115965789634239,0.00044401207671483357,0.8123423116,0.0,0.0218254292229167,0.00044389337580060434,0.021082438400000035,1.2068254440608543e-18,0.0,0.0,0.0,0.0,233.59999999999994,9.886314037746518e-15,233.59999999999994,9.886314037746518e-15,1.2500423177083335,2.5282345123037173e-05,1.25,0.0
source_asymmetry,Ignore_echo,window8,128,0.03545619428958334,0.00014779590963271438,0.0352088128,2.4136508881217085e-18,0.8115965789634239,0.00044401207671483357,0.8123423116,0.0,0.0218254292229167,0.00044389337580060434,0.021082438400000035,1.2068254440608543e-18,0.0,0.0,0.0,0.0,233.59999999999994,9.886314037746518e-15,233.59999999999994,9.886314037746518e-15,1.2500423177083335,2.5282345123037173e-05,1.25,0.0
source_asymmetry,exposed_vote:A:k3,none,128,0.05101120000000003,2.4136508881217085e-18,0.05101120000000003,3.620476332182563e-18,0.8269664,0.0,0.8269664,0.0,0.06348960000000002,0.0,0.06348960000000002,2.4136508881217085e-18,0.0,0.0,0.0,0.0,0.0,0.0,0.0,0.0,1.0,0.0,1.0,0.0
source_asymmetry,blind_vote:A:k3,none,128,0.0424,0.0,0.0424,0.0,0.8497974568684898,5.7927621314921e-17,0.8498,0.0,0.04065600000000001,2.4136508881217085e-18,0.04065600000000001,2.4136508881217085e-18,0.0,0.0,0.0,0.0,0.0,0.0,0.0,0.0,1.15,3.8618414209947337e-17,1.15,0.0
strong_humans,Final_uniform,reset,128,0.18205035638958333,0.0007275386325260622,0.18684133401250003,0.001358154041785914,0.3909696728063985,0.0020742636871579367,0.37746401427796017,0.003854780481443277,0.3881082019812502,0.0020729531303426423,0.4015491934437501,0.0038567592672814482,0.0,0.0,0.0,0.0,211.37001953124997,0.06562699241428195,211.64140624999993,0.11530901488849332,0.557856640625,0.006317240421046514,0.5112595703124999,0.012202950781392944
strong_humans,Final_uniform,cumulative,128,0.09522270246258334,0.0026251000827209876,0.0739084490075,0.0037004426380213575,0.6327077091395945,0.007484608927615725,0.6914582052814112,0.010668714014533943,0.14645482411185007,0.0074844132935065035,0.08766223119625005,0.010667466401823691,0.10042317708333333,0.03279675477668377,0.158203125,0.056693834462530734,211.37001953124997,0.06562699241428195,211.64140624999993,0.11530901488849332,1.4993358362049998,0.04180404687391388,1.7568442086874998,0.06476300185192395
strong_humans,Final_uniform,window8,128,0.1295613481244,0.002007889439593506,0.12709388646097503,0.003418018751287354,0.5373768290589146,0.005766172645187841,0.5446273286856171,0.009872171647589814,0.24174938509564675,0.005763289194075199,0.2344397616349701,0.0098718071391523,0.03792317708333333,0.007876585680504188,0.0361328125,0.011892829722909878,211.37001953124997,0.06562699241428195,211.64140624999993,0.11530901488849332,1.1132670361223331,0.01877899119489228,1.11790511260225,0.02897632038571163
strong_humans,Full_trace,reset,128,0.05412988802083332,0.000397558229667717,0.054811484375,0.0007908938780396316,0.7487450672620137,0.0012087825826530463,0.7466970293807984,0.0024288903054458795,0.024977131510416674,0.0012070495506620483,0.02702439453125001,0.002425738915252939,0.7765299479166667,0.010705774498459648,0.7587890625,0.021813754151510645,233.59999999999994,9.886314037746518e-15,233.59999999999994,9.886314037746518e-15,1.5893733723958334,0.004127192800641688,1.5894970703124998,0.008505476668429041
strong_humans,Full_trace,cumulative,128,0.046226039062499995,9.284974793047845e-05,0.046,2.4136508881217085e-18,0.7730647181752526,0.0002845113572897414,0.7737687500000002,3.8618414209947337e-17,0.0007007734375000002,0.0002842656838230644,0.0,0.0,0.99365234375,0.002544379031902531,1.0,0.0,233.59999999999994,9.886314037746518e-15,233.59999999999994,9.886314037746518e-15,1.5611328124999995,0.0008428814100266579,1.5599999999999996,3.8618414209947337e-17
strong_humans,Full_trace,window8,128,0.046283690104166664,0.00010592512903191979,0.0461532578125,0.00017081938246165434,0.77288534173584,0.00032289349364118336,0.7732887516098024,0.0005167591468299339,0.0008799114583333337,0.0003226232653151423,0.0004794023437500002,0.0005163472593179914,0.9920247395833333,0.0028688600873065396,0.99560546875,0.004543964529520292,233.59999999999994,9.886314037746518e-15,233.59999999999994,9.886314037746518e-15,1.5614420572916663,0.000980191820516883,1.5609814453124997,0.001558656673539231
strong_humans,Randomized_exposure,reset,128,0.056285790258333315,0.0004391128438738478,0.05590508533749999,0.0007890630857492168,0.742410257367039,0.0013334799025394599,0.7436135449327819,0.0023963930587349385,0.031572032233333346,0.0013320474311574225,0.030371486481250008,0.002393654017348586,0.72314453125,0.01115100167070384,0.73095703125,0.02049702646555693,232.5,0.0,232.5,0.0,1.5957330729166666,0.004711072740216602,1.5928115234374998,0.00764886846733885
strong_humans,Randomized_exposure,cumulative,128,0.046386166666666666,0.0001353996161896495,0.046,2.4136508881217085e-18,0.7728565219599406,0.00040556263403924167,0.7740373046875,0.0,0.001177087239583334,0.00040529434061295294,0.0,0.0,0.9895833333333333,0.003508315253598964,1.0,0.0,232.5,0.0,232.5,0.0,1.5609293619791667,0.0009488128430739463,1.5599999999999996,3.8618414209947337e-17
strong_humans,Randomized_exposure,window8,128,0.046460078125,0.00014199065262792744,0.046133562499999996,0.0001304093066486465,0.7726174901898702,0.0004303462200134856,0.7736151988067627,0.0004096814504448819,0.0014157812500000006,0.00043004209100238537,0.00042139062500000005,0.00040913614869092973,0.9873046875,0.0037957521575064496,0.99609375,0.003782640711911902,232.5,0.0,232.5,0.0,1.5617773437499998,0.001327577408011941,1.5610351562499996,0.0014294460874526669
strong_humans,Ignore_echo,reset,128,0.10692806702916667,0.0010143035284001325,0.10862920450000002,0.0019139633254463217,0.5951518005375609,0.003039024242543222,0.5900111463991393,0.005741460851925519,0.17856890811875012,0.0030375450380122995,0.18370866818750012,0.005738849610702634,0.0,0.0,0.0,0.0,233.59999999999994,9.886314037746518e-15,233.59999999999994,9.886314037746518e-15,1.3492353515624997,0.004635537496847972,1.3510527343749996,0.009779528521864308
strong_humans,Ignore_echo,cumulative,128,0.08969185730416665,0.00023784710462500632,0.08919999999999997,4.827301776243417e-18,0.6478110706961426,0.0007196681258861,0.6493287500000002,3.8618414209947337e-17,0.12595434144375006,0.0007194125963668878,0.12444000000000009,7.240952664365126e-18,0.0,0.0,0.0,0.0,233.59999999999994,9.886314037746518e-15,233.59999999999994,9.886314037746518e-15,1.3039384765624997,0.0011629875325284993,1.3019999999999998,0.0
strong_humans,Ignore_echo,window8,128,0.08981821547916666,0.0002727423772030507,0.08951589543749996,0.0004292171066704056,0.6474052693339843,0.0008220646009644594,0.6483143658038942,0.0012900059202410016,0.1263596659687501,0.0008218029809188242,0.1254533113125001,0.0012896370525041856,0.0,0.0,0.0,0.0,233.59999999999994,9.886314037746518e-15,233.59999999999994,9.886314037746518e-15,1.3052509765624998,0.0015332419992395987,1.3052812499999997,0.002951562115599816
strong_humans,exposed_vote:A:k3,none,128,0.19569920000000007,4.827301776243417e-18,0.19569920000000007,4.827301776243417e-18,0.39290239999999965,0.0,0.39290239999999965,0.0,0.4378976000000004,0.0,0.4378976000000004,0.0,0.0,0.0,0.0,0.0,0.0,0.0,0.0,0.0,1.0,0.0,1.0,0.0
strong_humans,blind_vote:A:k3,none,128,0.12319999999999999,0.0,0.12319999999999999,2.4136508881217085e-18,0.6073974568684897,1.9309207104973668e-17,0.6074,1.9309207104973668e-17,0.22340000000000015,1.448190532873025e-17,0.22340000000000015,9.654603552486834e-18,0.0,0.0,0.0,0.0,0.0,0.0,0.0,0.0,1.15,3.8618414209947337e-17,1.15,0.0
