world,policy_a,memory_a,policy_b,memory_b,error_difference,error_ci95,net_difference,net_ci95,regret_difference,regret_ci95
no_echo,Full_trace,cumulative,Ignore_echo,cumulative,0.0,0.0,-5.2636623382568414e-05,7.283841460701192e-06,5.110677083333337e-05,7.072821776403353e-06
no_echo,Full_trace,cumulative,Randomized_exposure,cumulative,0.0,4.2594296534401146e-05,0.00141918245951337,0.0002709805179707438,-0.0016806640625000014,0.0002707881337518702
no_echo,Full_trace,window8,Full_trace,cumulative,0.0,0.0,0.0,0.0,0.0,0.0
no_echo,Randomized_exposure,window8,Randomized_exposure,cumulative,0.0,0.0,-0.00011767387390136728,0.00016604906963849517,0.0001074218750000001,0.00016607493700792703
no_echo,Full_trace,cumulative,blind_vote:A:k3,none,-0.017478325520833338,2.4398948505286042e-05,-0.006650662373860565,7.61810135567908e-05,-0.05038217708333333,7.611214173800479e-05
high_echo,Full_trace,cumulative,Ignore_echo,cumulative,-0.0805161371,1.20020306821281e-05,0.23754784489374997,3.537020990666862e-05,-0.23754784489374997,3.537020990666862e-05
high_echo,Full_trace,cumulative,Randomized_exposure,cumulative,-9.030349583333333e-05,8.496752137354637e-05,-2.9865563639100223e-06,0.0002529129477140999,-0.0002654091854166667,0.0002527763867097244
high_echo,Full_trace,window8,Full_trace,cumulative,0.0,0.0,0.0,0.0,0.0,0.0
high_echo,Randomized_exposure,window8,Randomized_exposure,cumulative,0.0,0.0,0.0,0.0,0.0,0.0
high_echo,Full_trace,cumulative,blind_vote:A:k3,none,-0.017469488281250004,2.9763669532720203e-05,-0.010623918979644667,9.056390776960956e-05,-0.04640739062499999,9.049699196658519e-05
both_dependences,Full_trace,cumulative,Ignore_echo,cumulative,-0.0851594131916667,0.0036526710025326864,0.2513411032059305,0.010731619761824632,-0.25133993098124996,0.010731625937634139
both_dependences,Full_trace,cumulative,Randomized_exposure,cumulative,-0.0007537145666666686,0.0006076958723284949,0.0015447021691365815,0.0013136230516294272,-0.0018123429187500053,0.0013130877731115417
both_dependences,Full_trace,window8,Full_trace,cumulative,0.0013966406250000038,0.0003384068690038358,-0.0031046017519633052,0.0007327980674009343,0.0030935351562500113,0.000732109636548806
both_dependences,Randomized_exposure,window8,Randomized_exposure,cumulative,0.0013247998208333368,0.00040188352526188484,-0.0029464930446533276,0.00084264542814935,0.002933221077083344,0.0008421469203813332
both_dependences,Full_trace,cumulative,blind_vote:A:k3,none,-0.011370401041666704,0.0004928724477933054,-0.029206080556233638,0.0010545928878176924,-0.027833911458333475,0.0010536925942666025
echo_shift,Full_trace,cumulative,Ignore_echo,cumulative,-0.04018720769999999,5.651527227337028e-05,0.11850632413581746,0.0001667303322793993,-0.11851051632916669,0.00016672585059253166
echo_shift,Full_trace,cumulative,Randomized_exposure,cumulative,-0.00334220705625,0.000835364220796369,0.01048572748690595,0.0023928924405061482,-0.010750546950000002,0.00239299127903974
echo_shift,Full_trace,window8,Full_trace,cumulative,-6.551549999999999e-05,5.65152722733702e-05,0.00019329129166666668,0.00016673779451600128,-0.00019329129166666668,0.00016673779451600128
echo_shift,Randomized_exposure,window8,Randomized_exposure,cumulative,-0.0015330627,0.0007631305856083527,0.004530079772770182,0.0022361149416328095,-0.0045327818500000006,0.002235929964294206
echo_shift,Full_trace,cumulative,blind_vote:A:k3,none,-0.017412810020833336,6.098550079368624e-05,-0.00884985134644561,0.00018098559655008357,-0.048185630583333326,0.0001809751638261657
source_asymmetry,Full_trace,cumulative,Ignore_echo,cumulative,-0.008527900659375011,0.00010453650704499055,0.02158414333859865,0.0003115591001031021,-0.02158422281145837,0.0003115492831379747
source_asymmetry,Full_trace,cumulative,Randomized_exposure,cumulative,-0.002436477248958337,0.0004568382575528121,0.005898489065244574,0.0011578757727900896,-0.006158520288541679,0.001157460425782404
source_asymmetry,Full_trace,window8,Full_trace,cumulative,0.0,0.0,0.0,0.0,0.0,0.0
source_asymmetry,Randomized_exposure,window8,Randomized_exposure,cumulative,0.0007225897781250011,0.0002953962539419654,-0.0018306492782226573,0.000745093001045693,0.0018220662093750035,0.0007448645815060285
source_asymmetry,Full_trace,cumulative,blind_vote:A:k3,none,-0.015471706369791668,4.4278545725396735e-05,-0.016616734566467235,0.0001346124361261592,-0.04041479358854168,0.0001344856070381447
strong_humans,Full_trace,cumulative,Ignore_echo,cumulative,-0.043465818241666676,0.00015702786898913793,0.12525364747910966,0.00047646241895680494,-0.1252535680062501,0.0004764296335071479
strong_humans,Full_trace,cumulative,Randomized_exposure,cumulative,-0.00016012760416666674,0.00012753525964238457,0.00020819621531170844,0.00038570092598930736,-0.0004763138020833336,0.0003854181382595888
strong_humans,Full_trace,window8,Full_trace,cumulative,5.765104166666668e-05,5.8201592978239964e-05,-0.00017937643941243488,0.00017585774503373907,0.0001791380208333334,0.00017570820517422934
strong_humans,Randomized_exposure,window8,Randomized_exposure,cumulative,7.391145833333335e-05,5.764494698216151e-05,-0.0002390317700703938,0.00018810798906231663,0.00023869401041666673,0.0001879032044622025
strong_humans,Full_trace,cumulative,blind_vote:A:k3,none,-0.07697396093750002,9.284974793047885e-05,0.1656672613067628,0.0002845113572897388,-0.22269922656250013,0.00028426568382306313
