p_h,p_a,rho,eta,human_agent_price_ratio,blind_overhead,budget,regime,winner,family,source,reviewers,error_tie_count,deployment_winner,deployment_loss,error,cost,hard_cost,agreement,silent_wrong,wrong_up_approval,manufactured_agreement,escalation,unaudited_wrong
0.2,0.1,0.0,0.0,4.0,0.05,3,hard,exposed_vote:A:k6,exposed_vote,A,6,4,exposed_vote:A:k6,0.043184,0.0027279999999999982,1.75,1.75,0.4782970000000001,9.999999999999988e-08,9.999999999999987e-07,0.0,0.0,9.999999999999988e-08
0.2,0.1,0.0,0.25,4.0,0.05,3,hard,blind_vote:A:k6,blind_vote,A,6,2,blind_vote:A:k6,0.04918399999999999,0.0027279999999999982,2.05,2.05,0.4782970000000001,9.999999999999988e-08,9.999999999999987e-07,0.0,0.0,9.999999999999988e-08
0.2,0.1,0.0,0.5,4.0,0.05,3,hard,blind_vote:A:k6,blind_vote,A,6,2,blind_vote:A:k6,0.04918399999999999,0.0027279999999999982,2.05,2.05,0.4782970000000001,9.999999999999988e-08,9.999999999999987e-07,0.0,0.0,9.999999999999988e-08
0.2,0.1,0.0,0.75,4.0,0.05,3,hard,blind_vote:A:k6,blind_vote,A,6,2,blind_vote:A:k6,0.04918399999999999,0.0027279999999999982,2.05,2.05,0.4782970000000001,9.999999999999988e-08,9.999999999999987e-07,0.0,0.0,9.999999999999988e-08
0.2,0.1,0.0,1.0,4.0,0.05,3,hard,blind_vote:A:k6,blind_vote,A,6,2,blind_vote:A:k6,0.04918399999999999,0.0027279999999999982,2.05,2.05,0.4782970000000001,9.999999999999988e-08,9.999999999999987e-07,0.0,0.0,9.999999999999988e-08
0.2,0.1,0.25,0.0,4.0,0.05,3,hard,exposed_vote:A:k6,exposed_vote,A,6,4,exposed_vote:A:k6,0.11613799999999999,0.027045999999999997,1.75,1.75,0.6087227500000001,0.025000075,0.25000075,0.0,0.0,0.025000075
0.2,0.1,0.25,0.25,4.0,0.05,3,hard,blind_vote:A:k6,blind_vote,A,6,2,blind_vote:A:k6,0.12213799999999998,0.027045999999999997,2.05,2.05,0.6087227500000001,0.025000075,0.25000075,0.0,0.0,0.025000075
0.2,0.1,0.25,0.5,4.0,0.05,3,hard,blind_vote:A:k6,blind_vote,A,6,2,blind_vote:A:k6,0.12213799999999998,0.027045999999999997,2.05,2.05,0.6087227500000001,0.025000075,0.25000075,0.0,0.0,0.025000075
0.2,0.1,0.25,0.75,4.0,0.05,3,hard,blind_vote:A:k6,blind_vote,A,6,2,blind_vote:A:k6,0.12213799999999998,0.027045999999999997,2.05,2.05,0.6087227500000001,0.025000075,0.25000075,0.0,0.0,0.025000075
0.2,0.1,0.25,1.0,4.0,0.05,3,hard,blind_vote:A:k6,blind_vote,A,6,2,blind_vote:A:k6,0.12213799999999998,0.027045999999999997,2.05,2.05,0.6087227500000001,0.025000075,0.25000075,0.0,0.0,0.025000075
0.2,0.1,0.5,0.0,4.0,0.05,3,hard,exposed_vote:A:k6,exposed_vote,A,6,4,exposed_vote:A:k4,0.18784,0.051364,1.75,1.75,0.7391485,0.050000050000000004,0.5000005,0.0,0.0,0.050000050000000004
0.2,0.1,0.5,0.25,4.0,0.05,3,hard,blind_vote:A:k6,blind_vote,A,6,2,blind_vote:A:k4,0.19184,0.051364,2.05,2.05,0.7391485,0.050000050000000004,0.5000005,0.0,0.0,0.050000050000000004
0.2,0.1,0.5,0.5,4.0,0.05,3,hard,blind_vote:A:k6,blind_vote,A,6,2,blind_vote:A:k4,0.19184,0.051364,2.05,2.05,0.7391485,0.050000050000000004,0.5000005,0.0,0.0,0.050000050000000004
0.2,0.1,0.5,0.75,4.0,0.05,3,hard,blind_vote:A:k6,blind_vote,A,6,2,blind_vote:A:k4,0.19184,0.051364,2.05,2.05,0.7391485,0.050000050000000004,0.5000005,0.0,0.0,0.050000050000000004
0.2,0.1,0.5,1.0,4.0,0.05,3,hard,blind_vote:A:k6,blind_vote,A,6,2,blind_vote:A:k4,0.19184,0.051364,2.05,2.05,0.7391485,0.050000050000000004,0.5000005,0.0,0.0,0.050000050000000004
0.2,0.1,0.75,0.0,4.0,0.05,3,hard,echo_gate:H:k1,echo_gate,H,1,4,echo_gate:H:k1,0.24619999999999995,0.07199999999999998,1.5099999999999998,2.25,0.7400000000000001,0.020000000000000004,0.10000000000000002,0.0,0.2599999999999999,0.020000000000000004
0.2,0.1,0.75,0.25,4.0,0.05,3,hard,blind_gate:H:k1,blind_gate,H,1,2,blind_gate:H:k1,0.24719999999999995,0.07199999999999998,1.56,2.3,0.7400000000000001,0.020000000000000004,0.10000000000000002,0.0,0.2599999999999999,0.020000000000000004
0.2,0.1,0.75,0.5,4.0,0.05,3,hard,blind_gate:H:k1,blind_gate,H,1,2,blind_gate:H:k1,0.24719999999999995,0.07199999999999998,1.56,2.3,0.7400000000000001,0.020000000000000004,0.10000000000000002,0.0,0.2599999999999999,0.020000000000000004
0.2,0.1,0.75,0.75,4.0,0.05,3,hard,blind_gate:H:k1,blind_gate,H,1,2,blind_gate:H:k1,0.24719999999999995,0.07199999999999998,1.56,2.3,0.7400000000000001,0.020000000000000004,0.10000000000000002,0.0,0.2599999999999999,0.020000000000000004
0.2,0.1,0.75,1.0,4.0,0.05,3,hard,blind_gate:H:k1,blind_gate,H,1,2,blind_gate:H:k1,0.24719999999999995,0.07199999999999998,1.56,2.3,0.7400000000000001,0.020000000000000004,0.10000000000000002,0.0,0.2599999999999999,0.020000000000000004
0.2,0.1,1.0,0.0,4.0,0.05,3,hard,echo_gate:H:k1,echo_gate,H,1,7,echo_gate:H:k1,0.24619999999999995,0.07199999999999998,1.5099999999999998,2.25,0.7400000000000001,0.020000000000000004,0.10000000000000002,0.0,0.2599999999999999,0.020000000000000004
0.2,0.1,1.0,0.25,4.0,0.05,3,hard,blind_gate:H:k1,blind_gate,H,1,3,blind_gate:H:k1,0.24719999999999995,0.07199999999999998,1.56,2.3,0.7400000000000001,0.020000000000000004,0.10000000000000002,0.0,0.2599999999999999,0.020000000000000004
0.2,0.1,1.0,0.5,4.0,0.05,3,hard,blind_gate:H:k1,blind_gate,H,1,3,blind_gate:H:k1,0.24719999999999995,0.07199999999999998,1.56,2.3,0.7400000000000001,0.020000000000000004,0.10000000000000002,0.0,0.2599999999999999,0.020000000000000004
0.2,0.1,1.0,0.75,4.0,0.05,3,hard,blind_gate:H:k1,blind_gate,H,1,3,blind_gate:H:k1,0.24719999999999995,0.07199999999999998,1.56,2.3,0.7400000000000001,0.020000000000000004,0.10000000000000002,0.0,0.2599999999999999,0.020000000000000004
0.2,0.1,1.0,1.0,4.0,0.05,3,hard,blind_gate:H:k1,blind_gate,H,1,3,blind_gate:H:k1,0.24719999999999995,0.07199999999999998,1.56,2.3,0.7400000000000001,0.020000000000000004,0.10000000000000002,0.0,0.2599999999999999,0.020000000000000004
