eta,exposed_error,blind_error,exposed_agreement,blind_agreement
0.0,0.035199999999999995,0.035199999999999995,0.6905800000000001,0.6905800000000001
0.05,0.04005595,0.035199999999999995,0.7006606525000001,0.6905800000000001
0.1,0.04488760000000001,0.035199999999999995,0.71100982,0.6905800000000001
0.15000000000000002,0.04967065000000001,0.035199999999999995,0.7216773175000001,0.6905800000000001
0.2,0.05438080000000002,0.035199999999999995,0.7327129600000001,0.6905800000000001
0.25,0.05899375000000001,0.035199999999999995,0.7441665625,0.6905800000000001
0.30000000000000004,0.0634852,0.035199999999999995,0.75608794,0.6905800000000001
0.35000000000000003,0.06783085,0.035199999999999995,0.7685269075000001,0.6905800000000001
0.4,0.07200640000000003,0.035199999999999995,0.78153328,0.6905800000000001
0.45,0.07598755000000003,0.035199999999999995,0.7951568725,0.6905800000000001
0.5,0.07975,0.035199999999999995,0.8094475000000001,0.6905800000000001
0.55,0.08326945000000002,0.035199999999999995,0.8244549775000001,0.6905800000000001
0.6000000000000001,0.08652160000000002,0.035199999999999995,0.84022912,0.6905800000000001
0.65,0.08948215000000002,0.035199999999999995,0.8568197425,0.6905800000000001
0.7000000000000001,0.09212680000000002,0.035199999999999995,0.87427666,0.6905800000000001
0.75,0.09443125000000002,0.035199999999999995,0.8926496875000001,0.6905800000000001
0.8,0.09637120000000003,0.035199999999999995,0.9119886400000001,0.6905800000000001
0.8500000000000001,0.09792235000000002,0.035199999999999995,0.9323433325000001,0.6905800000000001
0.9,0.0990604,0.035199999999999995,0.95376358,0.6905800000000001
0.9500000000000001,0.09976105000000002,0.035199999999999995,0.9762991975,0.6905800000000001
1.0,0.10000000000000002,0.035199999999999995,1.0,0.6905800000000001
