prior,threshold,candidate_generation_cost,scenario,policy,mean,ci95,difference_vs_fixed010,paired_ci95
1:1,0.14,0,Stationary,Fixed 0.10,0.8479376627604166,0.0023637910830647175,0.0,0.0
1:1,0.14,0,Stationary,Adaptive audit,0.8530007731119799,0.0021343125959451884,0.00506311035156315,0.0017331701360107576
1:1,0.14,0,Stationary,EVSI,0.8337908935546873,0.0035902722774918,-0.014146769205729154,0.003255856323975794
1:1,0.14,0,Regime shifts,Fixed 0.10,0.6615863444010416,0.0030774656985951055,0.0,0.0
1:1,0.14,0,Regime shifts,Adaptive audit,0.6753365885416662,0.0029311580594797745,0.013750244140624625,0.003171405985265937
1:1,0.14,0,Regime shifts,EVSI,0.6758440348307279,0.0056911329049017445,0.014257690429686309,0.005398908251587251
1:1,0.14,0.2,Stationary,Fixed 0.10,0.8471767578125,0.0024408449596154537,0.0,0.0
1:1,0.14,0.2,Stationary,Adaptive audit,0.8517251383463548,0.0022042680117058872,0.004548380533854816,0.0018391793833683193
1:1,0.14,0.2,Stationary,EVSI,0.8262322998046875,0.0036190410129171902,-0.020944458007812295,0.0033796090993506137
1:1,0.14,0.2,Regime shifts,Fixed 0.10,0.6518235677083332,0.0030519887826663157,0.0,0.0
1:1,0.14,0.2,Regime shifts,Adaptive audit,0.6658716634114581,0.0029890928304761085,0.01404809570312491,0.0032256896352654903
1:1,0.14,0.2,Regime shifts,EVSI,0.6677794189453112,0.005684499358360061,0.015955851236978125,0.0054188255699929005
1:1,0.16,0,Stationary,Fixed 0.10,0.8522753092447917,0.0019137901967748565,0.0,0.0
1:1,0.16,0,Stationary,Adaptive audit,0.857063110351563,0.0019362036513937075,0.004787801106771507,0.0013409234050962319
1:1,0.16,0,Stationary,EVSI,0.8342052001953125,0.0035494754047445715,-0.018070109049479168,0.003131994755514252
1:1,0.16,0,Regime shifts,Fixed 0.10,0.6596830240885415,0.003342604320117787,0.0,0.0
1:1,0.16,0,Regime shifts,Adaptive audit,0.6728586425781246,0.002771186478445551,0.013175618489583001,0.0037106296207960673
1:1,0.16,0,Regime shifts,EVSI,0.6757031656901029,0.005659572362322734,0.016020141601561292,0.005465242263110147
1:1,0.16,0.2,Stationary,Fixed 0.10,0.8517980143229167,0.0019508786360031593,0.0,0.0
1:1,0.16,0.2,Stationary,Adaptive audit,0.8560670166015631,0.0019916969006624095,0.0042690022786465165,0.0014486859227890972
1:1,0.16,0.2,Stationary,EVSI,0.8267377522786458,0.0035679798767750117,-0.025060262044270632,0.00320519003562435
1:1,0.16,0.2,Regime shifts,Fixed 0.10,0.6506449381510415,0.003274812543078618,0.0,0.0
1:1,0.16,0.2,Regime shifts,Adaptive audit,0.6620753580729165,0.002856838296656765,0.011430419921874943,0.0036688540490489637
1:1,0.16,0.2,Regime shifts,EVSI,0.6674544677734363,0.005632653440999654,0.016809529622394796,0.005413308906753186
1:9,0.14,0,Stationary,Fixed 0.10,0.8581385904947917,0.0017190391090749395,0.0,0.0
1:9,0.14,0,Stationary,Adaptive audit,0.8649371337890632,0.0019213457414498773,0.006798543294271558,0.0008734150960738337
1:9,0.14,0,Stationary,EVSI,0.8655719401041669,0.0020675995410035612,0.007433349609375299,0.0014678220140896606
1:9,0.14,0,Regime shifts,Fixed 0.10,0.6620011393229165,0.003328734796243738,0.0,0.0
1:9,0.14,0,Regime shifts,Adaptive audit,0.6705618896484372,0.002846175341365305,0.008560750325520552,0.0035174561160154156
1:9,0.14,0,Regime shifts,EVSI,0.6598664957682282,0.006064291084128829,-0.002134643554688369,0.006673480930150895
1:9,0.14,0.2,Stationary,Fixed 0.10,0.8580474446614582,0.0017346488655795226,0.0,0.0
1:9,0.14,0.2,Stationary,Adaptive audit,0.8647979736328132,0.0019466926646554052,0.0067505289713548884,0.0009392423757994276
1:9,0.14,0.2,Stationary,EVSI,0.8650692545572918,0.00222079571774267,0.00702180989583363,0.0016352264458395509
1:9,0.14,0.2,Regime shifts,Fixed 0.10,0.6536446126302082,0.003233836941839473,0.0,0.0
1:9,0.14,0.2,Regime shifts,Adaptive audit,0.6598380126953124,0.002901917981696733,0.006193400065104125,0.003449847008203205
1:9,0.14,0.2,Regime shifts,EVSI,0.6546461588541658,0.006384631136702873,0.0010015462239575518,0.006889474883104941
1:9,0.16,0,Stationary,Fixed 0.10,0.8591803385416666,0.0016230617933125529,0.0,0.0
1:9,0.16,0,Stationary,Adaptive audit,0.8686133626302089,0.0018343700351730267,0.009433024088542432,0.0005339553219846334
1:9,0.16,0,Stationary,EVSI,0.8660283610026044,0.0021009173008987203,0.006848022460937801,0.001343694706739482
1:9,0.16,0,Regime shifts,Fixed 0.10,0.6514972330729166,0.0038982148557293156,0.0,0.0
1:9,0.16,0,Regime shifts,Adaptive audit,0.6641561279296871,0.003618761845446536,0.012658894856770573,0.004681882671493348
1:9,0.16,0,Regime shifts,EVSI,0.6526349283854157,0.006207752629864521,0.0011376953124992023,0.007045281157492444
1:9,0.16,0.2,Stationary,Fixed 0.10,0.8591538899739583,0.001624672177810116,0.0,0.0
1:9,0.16,0.2,Stationary,Adaptive audit,0.8685832519531257,0.001838724767810608,0.00942936197916743,0.0005543767930883623
1:9,0.16,0.2,Stationary,EVSI,0.8660283610026044,0.0021009173008987203,0.006874471028646133,0.001347075897535187
1:9,0.16,0.2,Regime shifts,Fixed 0.10,0.644197021484375,0.0037749216043171216,0.0,0.0
1:9,0.16,0.2,Regime shifts,Adaptive audit,0.6514482014973958,0.0036411571565840334,0.00725118001302081,0.004491558318852
1:9,0.16,0.2,Regime shifts,EVSI,0.6526349283854157,0.006207752629864521,0.008437906901040884,0.006972931697397713
1:19,0.14,0,Stationary,Fixed 0.10,0.8595082194010416,0.0016231469752939042,0.0,0.0
1:19,0.14,0,Stationary,Adaptive audit,0.8719874674479174,0.001770228614774671,0.012479248046875809,0.0003621747698311892
1:19,0.14,0,Stationary,EVSI,0.8795043945312501,0.0016253801518926977,0.019996175130208377,0.00019607902765985871
1:19,0.14,0,Regime shifts,Fixed 0.10,0.6467772623697916,0.004197547390861954,0.0,0.0
1:19,0.14,0,Regime shifts,Adaptive audit,0.6571452229817706,0.003972331012493785,0.01036796061197895,0.004512685943227882
1:19,0.14,0,Regime shifts,EVSI,0.567291259765625,0.003206328844932811,-0.07948600260416662,0.0050213635038774225
1:19,0.14,0.2,Stationary,Fixed 0.10,0.8595053710937499,0.0016222249844832452,0.0,0.0
1:19,0.14,0.2,Stationary,Adaptive audit,0.871975667317709,0.0017717529201555112,0.012470296223959143,0.0003702871641387407
1:19,0.14,0.2,Stationary,EVSI,0.8795043945312501,0.0016253801518926977,0.019999023437500044,0.00019795531553884403
1:19,0.14,0.2,Regime shifts,Fixed 0.10,0.639925048828125,0.004064549846686829,0.0,0.0
1:19,0.14,0.2,Regime shifts,Adaptive audit,0.645312540690104,0.003812247567459993,0.005387491861979166,0.004158991481031109
1:19,0.14,0.2,Regime shifts,EVSI,0.567291259765625,0.003206328844932811,-0.07263378906249991,0.004874500910575622
1:19,0.16,0,Stationary,Fixed 0.10,0.8595377604166666,0.001633803910846819,0.0,0.0
1:19,0.16,0,Stationary,Adaptive audit,0.8734818522135425,0.0016659184258849171,0.013944091796875844,0.0002589778598015261
1:19,0.16,0,Stationary,EVSI,0.8795043945312501,0.0016253801518926977,0.019966634114583378,0.00018562019266357374
1:19,0.16,0,Regime shifts,Fixed 0.10,0.6263046061197916,0.004736598741647236,0.0,0.0
1:19,0.16,0,Regime shifts,Adaptive audit,0.6396400553385416,0.004447089020315848,0.013335449218749892,0.0058022354682742755
1:19,0.16,0,Regime shifts,EVSI,0.567291259765625,0.003206328844932811,-0.05901334635416661,0.005348522430537338
1:19,0.16,0.2,Stationary,Fixed 0.10,0.8595377604166666,0.001633803910846819,0.0,0.0
1:19,0.16,0.2,Stationary,Adaptive audit,0.8734818522135425,0.0016659184258849171,0.013944091796875844,0.0002589778598015261
1:19,0.16,0.2,Stationary,EVSI,0.8795043945312501,0.0016253801518926977,0.019966634114583378,0.00018562019266357374
1:19,0.16,0.2,Regime shifts,Fixed 0.10,0.6210234375,0.004542255915926228,0.0,0.0
1:19,0.16,0.2,Regime shifts,Adaptive audit,0.6268002929687501,0.004140493108960062,0.005776855468750032,0.005286780593389838
1:19,0.16,0.2,Regime shifts,EVSI,0.567291259765625,0.003206328844932811,-0.05373217773437492,0.005146235330984467
