scenario,arm,round,net_value,net_ci95,harmful_adoption,balanced_share,neyman_share
Blind harm,Fixed workflow,0,0.3799999999999999,0.0,0.0,0.0,0.0
Blind harm,Fixed workflow,1,0.3799999999999999,0.0,0.0,0.0,0.0
Blind harm,Fixed workflow,2,0.3799999999999999,0.0,0.0,0.0,0.0
Blind harm,Fixed workflow,3,0.3799999999999999,0.0,0.0,0.0,0.0
Blind harm,Fixed workflow,4,0.3799999999999999,0.0,0.0,0.0,0.0
Blind harm,Fixed workflow,5,0.3799999999999999,0.0,0.0,0.0,0.0
Blind harm,Fixed workflow,6,0.3799999999999999,0.0,0.0,0.0,0.0
Blind harm,Fixed workflow,7,0.3799999999999999,0.0,0.0,0.0,0.0
Blind harm,Fixed workflow,8,0.3799999999999999,0.0,0.0,0.0,0.0
Blind harm,Fixed workflow,9,0.3799999999999999,0.0,0.0,0.0,0.0
Blind harm,Fixed workflow,10,0.3799999999999999,0.0,0.0,0.0,0.0
Blind harm,Fixed workflow,11,0.3799999999999999,0.0,0.0,0.0,0.0
Blind harm,Fixed workflow,12,0.3799999999999999,0.0,0.0,0.0,0.0
Blind harm,Fixed workflow,13,0.3799999999999999,0.0,0.0,0.0,0.0
Blind harm,Fixed workflow,14,0.3799999999999999,0.0,0.0,0.0,0.0
Blind harm,Fixed workflow,15,0.3799999999999999,0.0,0.0,0.0,0.0
Blind harm,Fixed workflow,16,0.3799999999999999,0.0,0.0,0.0,0.0
Blind harm,Fixed workflow,17,0.3799999999999999,0.0,0.0,0.0,0.0
Blind harm,Fixed workflow,18,0.3799999999999999,0.0,0.0,0.0,0.0
Blind harm,Fixed workflow,19,0.3799999999999999,0.0,0.0,0.0,0.0
Blind harm,Fixed workflow,20,0.3799999999999999,0.0,0.0,0.0,0.0
Blind harm,Fixed workflow,21,0.3799999999999999,0.0,0.0,0.0,0.0
Blind harm,Fixed workflow,22,0.3799999999999999,0.0,0.0,0.0,0.0
Blind harm,Fixed workflow,23,0.3799999999999999,0.0,0.0,0.0,0.0
Blind harm,Biased search,0,0.39460449218749993,0.014360557002653856,0.15625,0.0,0.0
Blind harm,Biased search,1,0.3916748046874999,0.014128631460119966,0.15234375,0.0,0.0
Blind harm,Biased search,2,0.4166357421874999,0.012962351398121501,0.109375,0.0,0.0
Blind harm,Biased search,3,0.3825341796874999,0.015193639279191333,0.19140625,0.0,0.0
Blind harm,Biased search,4,0.39155761718749993,0.01510161791418122,0.1796875,0.0,0.0
Blind harm,Biased search,5,0.3913232421874999,0.014821882127374859,0.171875,0.0,0.0
Blind harm,Biased search,6,0.3830029296874999,0.015211765946577839,0.19140625,0.0,0.0
Blind harm,Biased search,7,0.39483886718749994,0.01464831389065494,0.1640625,0.0,0.0
Blind harm,Biased search,8,0.39202636718749995,0.01456605276104971,0.1640625,0.0,0.0
Blind harm,Biased search,9,0.3994091796874999,0.01405628479994156,0.14453125,0.0,0.0
Blind harm,Biased search,10,0.37175292968749996,0.016287450782515873,0.23828125,0.0,0.0
Blind harm,Biased search,11,0.38874511718749993,0.015012581384930258,0.1796875,0.0,0.0
Blind harm,Biased search,12,0.39319824218749994,0.014319352472754161,0.15625,0.0,0.0
Blind harm,Biased search,13,0.3969482421874999,0.014424380737166342,0.15625,0.0,0.0
Blind harm,Biased search,14,0.3907373046874999,0.01521116751276288,0.18359375,0.0,0.0
Blind harm,Biased search,15,0.3855810546874999,0.01448591683148703,0.16796875,0.0,0.0
Blind harm,Biased search,16,0.40679199218749984,0.01405911782857115,0.140625,0.0,0.0
Blind harm,Biased search,17,0.3985888671874999,0.014180760080362462,0.1484375,0.0,0.0
Blind harm,Biased search,18,0.39554199218749997,0.014942991668337373,0.171875,0.0,0.0
Blind harm,Biased search,19,0.3941357421874999,0.014904730129692746,0.171875,0.0,0.0
Blind harm,Biased search,20,0.3934326171874999,0.014608260959411706,0.1640625,0.0,0.0
Blind harm,Biased search,21,0.40983886718749996,0.013810852397908016,0.1328125,0.0,0.0
Blind harm,Biased search,22,0.39343261718749994,0.014608260959411706,0.1640625,0.0,0.0
Blind harm,Biased search,23,0.3951904296874999,0.013945102982855154,0.14453125,0.0,0.0
Blind harm,Balanced search,0,0.4504589843749998,0.007061917507538029,0.0078125,1.0,0.0
Blind harm,Balanced search,1,0.4501074218749998,0.007365619605007512,0.01171875,1.0,0.0
Blind harm,Balanced search,2,0.45877929687499985,0.00612556856276555,0.00390625,1.0,0.0
Blind harm,Balanced search,3,0.45549804687499984,0.006405705242709801,0.00390625,1.0,0.0
Blind harm,Balanced search,4,0.4482324218749998,0.007470485071428476,0.01171875,1.0,0.0
Blind harm,Balanced search,5,0.4502246093749998,0.006474340934264145,0.0,1.0,0.0
Blind harm,Balanced search,6,0.4540917968749998,0.006514463945166702,0.00390625,1.0,0.0
Blind harm,Balanced search,7,0.4485839843749998,0.007172610064214569,0.0078125,1.0,0.0
Blind harm,Balanced search,8,0.4545605468749998,0.006478924855649765,0.00390625,1.0,0.0
Blind harm,Balanced search,9,0.4502246093749998,0.007630843138453087,0.015625,1.0,0.0
Blind harm,Balanced search,10,0.45280273437499985,0.006910293009092119,0.0078125,1.0,0.0
Blind harm,Balanced search,11,0.44811523437499984,0.007198867840483163,0.0078125,1.0,0.0
Blind harm,Balanced search,12,0.4519824218749998,0.007251939785899913,0.01171875,1.0,0.0
Blind harm,Balanced search,13,0.4559667968749998,0.006368000097010361,0.00390625,1.0,0.0
Blind harm,Balanced search,14,0.4577246093749998,0.0058828703931414345,0.0,1.0,0.0
Blind harm,Balanced search,15,0.45057617187499976,0.0073380414550103515,0.01171875,1.0,0.0
Blind harm,Balanced search,16,0.4522167968749998,0.006649746557549514,0.00390625,1.0,0.0
Blind harm,Balanced search,17,0.4531542968749998,0.006583458490419971,0.00390625,1.0,0.0
Blind harm,Balanced search,18,0.4520996093749998,0.007520733015598402,0.015625,1.0,0.0
Blind harm,Balanced search,19,0.45280273437499985,0.006910293009092119,0.0078125,1.0,0.0
Blind harm,Balanced search,20,0.44401367187499985,0.007676027121960168,0.01171875,1.0,0.0
Blind harm,Balanced search,21,0.4518652343749998,0.006972762899270891,0.0078125,1.0,0.0
Blind harm,Balanced search,22,0.4535058593749998,0.006239228954059671,0.0,1.0,0.0
Blind harm,Balanced search,23,0.4511621093749998,0.006410628704427475,0.0,1.0,0.0
Blind harm,Neyman search,0,0.44912574768066404,0.007145355858100981,0.0078125,0.0,1.0
Blind harm,Neyman search,1,0.44877292633056637,0.00744500484469188,0.01171875,0.0,1.0
Blind harm,Neyman search,2,0.45837348937988276,0.0061678294195956765,0.00390625,0.0,1.0
Blind harm,Neyman search,3,0.4565041542053222,0.006330308217760652,0.00390625,0.0,1.0
Blind harm,Neyman search,4,0.45193719863891596,0.006972755889174924,0.0078125,0.0,1.0
Blind harm,Neyman search,5,0.4518198013305663,0.006681714313399295,0.00390625,0.0,1.0
Blind harm,Neyman search,6,0.4532289886474609,0.0065825381064787926,0.00390625,0.0,1.0
Blind harm,Neyman search,7,0.451352310180664,0.0067134402365069835,0.00390625,0.0,1.0
Blind harm,Neyman search,8,0.45568572998046875,0.00670760188071452,0.0078125,0.0,1.0
Blind harm,Neyman search,9,0.4540446853637695,0.00740254027278025,0.015625,0.0,1.0
Blind harm,Neyman search,10,0.4538134574890137,0.006844759859109334,0.0078125,0.0,1.0
Blind harm,Neyman search,11,0.4518168640136718,0.006681913292820742,0.00390625,0.0,1.0
Blind harm,Neyman search,12,0.45522222518920896,0.006742665066873603,0.0078125,0.0,1.0
Blind harm,Neyman search,13,0.45838397979736323,0.006167565947910799,0.00390625,0.0,1.0
Blind harm,Neyman search,14,0.4577995109558105,0.005883138936407431,0.0,0.0,1.0
Blind harm,Neyman search,15,0.45205669403076165,0.007251992470488279,0.01171875,0.0,1.0
Blind harm,Neyman search,16,0.45416334152221677,0.006514277444068928,0.00390625,0.0,1.0
Blind harm,Neyman search,17,0.4554486274719238,0.006089841746377346,0.0,0.0,1.0
Blind harm,Neyman search,18,0.4549842834472656,0.007339210409332918,0.015625,0.0,1.0
Blind harm,Neyman search,19,0.4561517524719238,0.006670550861920085,0.0078125,0.0,1.0
Blind harm,Neyman search,20,0.447249698638916,0.0072497947871130244,0.0078125,0.0,1.0
Blind harm,Neyman search,21,0.4542840957641602,0.006811835043769479,0.0078125,0.0,1.0
Blind harm,Neyman search,22,0.4518244171142578,0.006682138333861824,0.00390625,0.0,1.0
Blind harm,Neyman search,23,0.452752685546875,0.006616791221116549,0.00390625,0.0,1.0
Blind harm,Procedure revision,0,0.3452623176574707,0.011291471754289708,0.0703125,0.42578125,0.41796875
Blind harm,Procedure revision,1,0.41825767517089835,0.012861417618764278,0.109375,0.42578125,0.41796875
Blind harm,Procedure revision,2,0.4278645324707031,0.011983953663762013,0.0859375,0.42578125,0.41796875
Blind harm,Procedure revision,3,0.4302093315124511,0.011293539843741084,0.0703125,0.42578125,0.41796875
Blind harm,Procedure revision,4,0.42915842056274406,0.012489472230973674,0.09765625,0.42578125,0.41796875
Blind harm,Procedure revision,5,0.430094871520996,0.011110893567311028,0.06640625,0.42578125,0.41796875
Blind harm,Procedure revision,6,0.43349456787109364,0.011294177638649623,0.0703125,0.42578125,0.41796875
Blind harm,Procedure revision,7,0.42986007690429673,0.011471351915261678,0.07421875,0.42578125,0.41796875
Blind harm,Procedure revision,8,0.33605293273925774,0.012077848255197443,0.08984375,0.34765625,0.421875
Blind harm,Procedure revision,9,0.426122875213623,0.012795455820406884,0.10546875,0.34765625,0.421875
Blind harm,Procedure revision,10,0.4197953796386718,0.013040838378549429,0.11328125,0.34765625,0.421875
Blind harm,Procedure revision,11,0.4170992279052734,0.013153621698404575,0.1171875,0.34765625,0.421875
Blind harm,Procedure revision,12,0.43057558059692375,0.011822703015597692,0.08203125,0.34765625,0.421875
Blind harm,Procedure revision,13,0.4257715225219726,0.011623282724633546,0.078125,0.34765625,0.421875
Blind harm,Procedure revision,14,0.42003122329711906,0.01335337796254047,0.12109375,0.34765625,0.421875
Blind harm,Procedure revision,15,0.4145217323303222,0.013412439672827644,0.125,0.34765625,0.421875
Blind harm,Procedure revision,16,0.3339167213439941,0.013019820342433703,0.11328125,0.41796875,0.3515625
Blind harm,Procedure revision,17,0.4241229248046874,0.011954163956767804,0.0859375,0.41796875,0.3515625
Blind harm,Procedure revision,18,0.41978803634643547,0.013041611899400807,0.11328125,0.41796875,0.3515625
Blind harm,Procedure revision,19,0.4151013755798339,0.01357560343674385,0.12890625,0.41796875,0.3515625
Blind harm,Procedure revision,20,0.41311044692993154,0.013978598163572647,0.140625,0.41796875,0.3515625
Blind harm,Procedure revision,21,0.43279689788818354,0.011650504512077749,0.078125,0.41796875,0.3515625
Blind harm,Procedure revision,22,0.41076669692993156,0.012702626263141654,0.109375,0.41796875,0.3515625
Blind harm,Procedure revision,23,0.4284569740295409,0.011465236909057173,0.07421875,0.41796875,0.3515625
Blind harm,Freeze after first revision,0,0.3452623176574707,0.011291471754289708,0.0703125,0.42578125,0.41796875
Blind harm,Freeze after first revision,1,0.41825767517089835,0.012861417618764278,0.109375,0.42578125,0.41796875
Blind harm,Freeze after first revision,2,0.4278645324707031,0.011983953663762013,0.0859375,0.42578125,0.41796875
Blind harm,Freeze after first revision,3,0.4302093315124511,0.011293539843741084,0.0703125,0.42578125,0.41796875
Blind harm,Freeze after first revision,4,0.42915842056274406,0.012489472230973674,0.09765625,0.42578125,0.41796875
Blind harm,Freeze after first revision,5,0.430094871520996,0.011110893567311028,0.06640625,0.42578125,0.41796875
Blind harm,Freeze after first revision,6,0.43349456787109364,0.011294177638649623,0.0703125,0.42578125,0.41796875
Blind harm,Freeze after first revision,7,0.42986007690429673,0.011471351915261678,0.07421875,0.42578125,0.41796875
Blind harm,Freeze after first revision,8,0.42505559921264635,0.011963444196053165,0.0859375,0.42578125,0.41796875
Blind harm,Freeze after first revision,9,0.4207179832458495,0.013054610660052183,0.11328125,0.42578125,0.41796875
Blind harm,Freeze after first revision,10,0.42599225997924794,0.011970165522812024,0.0859375,0.42578125,0.41796875
Blind harm,Freeze after first revision,11,0.4332593536376952,0.010929083966481953,0.0625,0.42578125,0.41796875
Blind harm,Freeze after first revision,12,0.4312684249877929,0.011474283466642317,0.07421875,0.42578125,0.41796875
Blind harm,Freeze after first revision,13,0.4364208984374999,0.010729104601908344,0.05859375,0.42578125,0.41796875
Blind harm,Freeze after first revision,14,0.4266974830627441,0.01231236459778397,0.09375,0.42578125,0.41796875
Blind harm,Freeze after first revision,15,0.4202507019042968,0.013048859392934292,0.11328125,0.42578125,0.41796875
Blind harm,Freeze after first revision,16,0.42857038497924793,0.011643141196824665,0.078125,0.42578125,0.41796875
Blind harm,Freeze after first revision,17,0.4280986976623534,0.011639943085308958,0.078125,0.42578125,0.41796875
Blind harm,Freeze after first revision,18,0.42317913055419915,0.01260802632123989,0.1015625,0.42578125,0.41796875
Blind harm,Freeze after first revision,19,0.4207144165039062,0.013054352208522253,0.11328125,0.42578125,0.41796875
Blind harm,Freeze after first revision,20,0.42950830459594724,0.012327165133085105,0.09375,0.42578125,0.41796875
Blind harm,Freeze after first revision,21,0.43396478652954096,0.011993701293626629,0.0859375,0.42578125,0.41796875
Blind harm,Freeze after first revision,22,0.42529165267944324,0.010895819840172278,0.0625,0.42578125,0.41796875
Blind harm,Freeze after first revision,23,0.4279825592041015,0.011464177861450835,0.07421875,0.42578125,0.41796875
Moving harm,Fixed workflow,0,0.3799999999999999,0.0,0.0,0.0,0.0
Moving harm,Fixed workflow,1,0.3799999999999999,0.0,0.0,0.0,0.0
Moving harm,Fixed workflow,2,0.3799999999999999,0.0,0.0,0.0,0.0
Moving harm,Fixed workflow,3,0.3799999999999999,0.0,0.0,0.0,0.0
Moving harm,Fixed workflow,4,0.3799999999999999,0.0,0.0,0.0,0.0
Moving harm,Fixed workflow,5,0.3799999999999999,0.0,0.0,0.0,0.0
Moving harm,Fixed workflow,6,0.3799999999999999,0.0,0.0,0.0,0.0
Moving harm,Fixed workflow,7,0.3799999999999999,0.0,0.0,0.0,0.0
Moving harm,Fixed workflow,8,0.3799999999999999,0.0,0.0,0.0,0.0
Moving harm,Fixed workflow,9,0.3799999999999999,0.0,0.0,0.0,0.0
Moving harm,Fixed workflow,10,0.3799999999999999,0.0,0.0,0.0,0.0
Moving harm,Fixed workflow,11,0.3799999999999999,0.0,0.0,0.0,0.0
Moving harm,Fixed workflow,12,0.3799999999999999,0.0,0.0,0.0,0.0
Moving harm,Fixed workflow,13,0.3799999999999999,0.0,0.0,0.0,0.0
Moving harm,Fixed workflow,14,0.3799999999999999,0.0,0.0,0.0,0.0
Moving harm,Fixed workflow,15,0.3799999999999999,0.0,0.0,0.0,0.0
Moving harm,Fixed workflow,16,0.3799999999999999,0.0,0.0,0.0,0.0
Moving harm,Fixed workflow,17,0.3799999999999999,0.0,0.0,0.0,0.0
Moving harm,Fixed workflow,18,0.3799999999999999,0.0,0.0,0.0,0.0
Moving harm,Fixed workflow,19,0.3799999999999999,0.0,0.0,0.0,0.0
Moving harm,Fixed workflow,20,0.3799999999999999,0.0,0.0,0.0,0.0
Moving harm,Fixed workflow,21,0.3799999999999999,0.0,0.0,0.0,0.0
Moving harm,Fixed workflow,22,0.3799999999999999,0.0,0.0,0.0,0.0
Moving harm,Fixed workflow,23,0.3799999999999999,0.0,0.0,0.0,0.0
Moving harm,Biased search,0,0.39460449218749993,0.014360557002653856,0.15625,0.0,0.0
Moving harm,Biased search,1,0.3916748046874999,0.014128631460119966,0.15234375,0.0,0.0
Moving harm,Biased search,2,0.4166357421874999,0.012962351398121501,0.109375,0.0,0.0
Moving harm,Biased search,3,0.3825341796874999,0.015193639279191333,0.19140625,0.0,0.0
Moving harm,Biased search,4,0.39155761718749993,0.01510161791418122,0.1796875,0.0,0.0
Moving harm,Biased search,5,0.3913232421874999,0.014821882127374859,0.171875,0.0,0.0
Moving harm,Biased search,6,0.3830029296874999,0.015211765946577839,0.19140625,0.0,0.0
Moving harm,Biased search,7,0.39483886718749994,0.01464831389065494,0.1640625,0.0,0.0
Moving harm,Biased search,8,0.39202636718749995,0.01456605276104971,0.1640625,0.0,0.0
Moving harm,Biased search,9,0.3994091796874999,0.01405628479994156,0.14453125,0.0,0.0
Moving harm,Biased search,10,0.43163574218749995,0.009241206994195018,0.03125,0.0,0.0
Moving harm,Biased search,11,0.4366748046875,0.007945562886476354,0.01171875,0.0,0.0
Moving harm,Biased search,12,0.4339794921874999,0.008264946020427981,0.015625,0.0,0.0
Moving harm,Biased search,13,0.4376123046874999,0.007918227901113977,0.01171875,0.0,0.0
Moving harm,Biased search,14,0.43854980468749993,0.007889120038848582,0.01171875,0.0,0.0
Moving harm,Biased search,15,0.4281201171875,0.008837425150745936,0.0234375,0.0,0.0
Moving harm,Biased search,16,0.4458154296874999,0.007044009446148958,0.00390625,0.0,0.0
Moving harm,Biased search,17,0.4404248046874999,0.007825505346058217,0.01171875,0.0,0.0
Moving harm,Biased search,18,0.4379638671874999,0.00864658310961662,0.0234375,0.0,0.0
Moving harm,Biased search,19,0.4349169921874999,0.009179570107196812,0.03125,0.0,0.0
Moving harm,Biased search,20,0.3934326171874999,0.014608260959411706,0.1640625,0.0,0.0
Moving harm,Biased search,21,0.40983886718749996,0.013810852397908016,0.1328125,0.0,0.0
Moving harm,Biased search,22,0.39343261718749994,0.014608260959411706,0.1640625,0.0,0.0
Moving harm,Biased search,23,0.3951904296874999,0.013945102982855154,0.14453125,0.0,0.0
Moving harm,Balanced search,0,0.4504589843749998,0.007061917507538029,0.0078125,1.0,0.0
Moving harm,Balanced search,1,0.4501074218749998,0.007365619605007512,0.01171875,1.0,0.0
Moving harm,Balanced search,2,0.45877929687499985,0.00612556856276555,0.00390625,1.0,0.0
Moving harm,Balanced search,3,0.45549804687499984,0.006405705242709801,0.00390625,1.0,0.0
Moving harm,Balanced search,4,0.4482324218749998,0.007470485071428476,0.01171875,1.0,0.0
Moving harm,Balanced search,5,0.4502246093749998,0.006474340934264145,0.0,1.0,0.0
Moving harm,Balanced search,6,0.4540917968749998,0.006514463945166702,0.00390625,1.0,0.0
Moving harm,Balanced search,7,0.4485839843749998,0.007172610064214569,0.0078125,1.0,0.0
Moving harm,Balanced search,8,0.4545605468749998,0.006478924855649765,0.00390625,1.0,0.0
Moving harm,Balanced search,9,0.4502246093749998,0.007630843138453087,0.015625,1.0,0.0
Moving harm,Balanced search,10,0.4545605468749998,0.006478924855649764,0.00390625,1.0,0.0
Moving harm,Balanced search,11,0.4489355468749998,0.006861544948962071,0.00390625,1.0,0.0
Moving harm,Balanced search,12,0.4540917968749998,0.006514463945166702,0.00390625,1.0,0.0
Moving harm,Balanced search,13,0.4546777343749998,0.006777769445967005,0.0078125,1.0,0.0
Moving harm,Balanced search,14,0.4577246093749998,0.0058828703931414345,0.0,1.0,0.0
Moving harm,Balanced search,15,0.4510449218749998,0.007309906444053718,0.01171875,1.0,0.0
Moving harm,Balanced search,16,0.4522167968749998,0.006649746557549514,0.00390625,1.0,0.0
Moving harm,Balanced search,17,0.4544433593749998,0.006165578815679271,0.0,1.0,0.0
Moving harm,Balanced search,18,0.4503417968749998,0.007887126730717994,0.01953125,1.0,0.0
Moving harm,Balanced search,19,0.45538085937499984,0.006088863991409434,0.0,1.0,0.0
Moving harm,Balanced search,20,0.44401367187499985,0.007676027121960168,0.01171875,1.0,0.0
Moving harm,Balanced search,21,0.4518652343749998,0.006972762899270891,0.0078125,1.0,0.0
Moving harm,Balanced search,22,0.4535058593749998,0.006239228954059671,0.0,1.0,0.0
Moving harm,Balanced search,23,0.4511621093749998,0.006410628704427475,0.0,1.0,0.0
Moving harm,Neyman search,0,0.44912574768066404,0.007145355858100981,0.0078125,0.0,1.0
Moving harm,Neyman search,1,0.44877292633056637,0.00744500484469188,0.01171875,0.0,1.0
Moving harm,Neyman search,2,0.45837348937988276,0.0061678294195956765,0.00390625,0.0,1.0
Moving harm,Neyman search,3,0.4565041542053222,0.006330308217760652,0.00390625,0.0,1.0
Moving harm,Neyman search,4,0.45193719863891596,0.006972755889174924,0.0078125,0.0,1.0
Moving harm,Neyman search,5,0.4518198013305663,0.006681714313399295,0.00390625,0.0,1.0
Moving harm,Neyman search,6,0.4532289886474609,0.0065825381064787926,0.00390625,0.0,1.0
Moving harm,Neyman search,7,0.451352310180664,0.0067134402365069835,0.00390625,0.0,1.0
Moving harm,Neyman search,8,0.45568572998046875,0.00670760188071452,0.0078125,0.0,1.0
Moving harm,Neyman search,9,0.4540446853637695,0.00740254027278025,0.015625,0.0,1.0
Moving harm,Neyman search,10,0.455106086730957,0.0064423035807128866,0.00390625,0.0,1.0
Moving harm,Neyman search,11,0.45134895324707025,0.006713324269333853,0.00390625,0.0,1.0
Moving harm,Neyman search,12,0.4565077209472656,0.006329473590297017,0.00390625,0.0,1.0
Moving harm,Neyman search,13,0.45967220306396483,0.005701596491240999,0.0,0.0,1.0
Moving harm,Neyman search,14,0.45779720306396476,0.005883126613587691,0.0,0.0,1.0
Moving harm,Neyman search,15,0.45299566268920893,0.007191383574335473,0.01171875,0.0,1.0
Moving harm,Neyman search,16,0.4554549217224121,0.006089316249119663,0.0,0.0,1.0
Moving harm,Neyman search,17,0.45544757843017575,0.006089399680131814,0.0,0.0,1.0
Moving harm,Neyman search,18,0.4558071136474609,0.006996351303158235,0.01171875,0.0,1.0
Moving harm,Neyman search,19,0.45873323440551755,0.005794094755196549,0.0,0.0,1.0
Moving harm,Neyman search,20,0.447249698638916,0.0072497947871130244,0.0078125,0.0,1.0
Moving harm,Neyman search,21,0.4542840957641602,0.006811835043769479,0.0078125,0.0,1.0
Moving harm,Neyman search,22,0.4518244171142578,0.006682138333861824,0.00390625,0.0,1.0
Moving harm,Neyman search,23,0.452752685546875,0.006616791221116549,0.00390625,0.0,1.0
Moving harm,Procedure revision,0,0.3452623176574707,0.011291471754289708,0.0703125,0.42578125,0.41796875
Moving harm,Procedure revision,1,0.41825767517089835,0.012861417618764278,0.109375,0.42578125,0.41796875
Moving harm,Procedure revision,2,0.4278645324707031,0.011983953663762013,0.0859375,0.42578125,0.41796875
Moving harm,Procedure revision,3,0.4302093315124511,0.011293539843741084,0.0703125,0.42578125,0.41796875
Moving harm,Procedure revision,4,0.42915842056274406,0.012489472230973674,0.09765625,0.42578125,0.41796875
Moving harm,Procedure revision,5,0.430094871520996,0.011110893567311028,0.06640625,0.42578125,0.41796875
Moving harm,Procedure revision,6,0.43349456787109364,0.011294177638649623,0.0703125,0.42578125,0.41796875
Moving harm,Procedure revision,7,0.42986007690429673,0.011471351915261678,0.07421875,0.42578125,0.41796875
Moving harm,Procedure revision,8,0.33605293273925774,0.012077848255197443,0.08984375,0.34765625,0.421875
Moving harm,Procedure revision,9,0.426122875213623,0.012795455820406884,0.10546875,0.34765625,0.421875
Moving harm,Procedure revision,10,0.44323539733886713,0.009441575833785043,0.03515625,0.34765625,0.421875
Moving harm,Procedure revision,11,0.43702152252197257,0.01014131060745671,0.046875,0.34765625,0.421875
Moving harm,Procedure revision,12,0.44205932617187493,0.009882526925953442,0.04296875,0.34765625,0.421875
Moving harm,Procedure revision,13,0.4385453796386718,0.009504752143083717,0.03515625,0.34765625,0.421875
Moving harm,Procedure revision,14,0.43995121002197257,0.01031371752962134,0.05078125,0.34765625,0.421875
Moving harm,Procedure revision,15,0.4291718482971191,0.011108718351237576,0.06640625,0.34765625,0.421875
Moving harm,Procedure revision,16,0.36124578475952146,0.008719089256125401,0.0234375,0.3125,0.31640625
Moving harm,Procedure revision,17,0.44242452621459954,0.008784625020404812,0.0234375,0.3125,0.31640625
Moving harm,Procedure revision,18,0.43445850372314443,0.010548500869777655,0.0546875,0.3125,0.31640625
Moving harm,Procedure revision,19,0.4485197448730468,0.008647614934620311,0.0234375,0.3125,0.31640625
Moving harm,Procedure revision,20,0.4069192314147948,0.014824227067432413,0.16796875,0.3125,0.31640625
Moving harm,Procedure revision,21,0.42531745910644525,0.012300523860709268,0.09375,0.3125,0.31640625
Moving harm,Procedure revision,22,0.4016476821899413,0.013961317824059502,0.1484375,0.3125,0.31640625
Moving harm,Procedure revision,23,0.40855545043945307,0.014018319398097136,0.14453125,0.3125,0.31640625
Moving harm,Freeze after first revision,0,0.3452623176574707,0.011291471754289708,0.0703125,0.42578125,0.41796875
Moving harm,Freeze after first revision,1,0.41825767517089835,0.012861417618764278,0.109375,0.42578125,0.41796875
Moving harm,Freeze after first revision,2,0.4278645324707031,0.011983953663762013,0.0859375,0.42578125,0.41796875
Moving harm,Freeze after first revision,3,0.4302093315124511,0.011293539843741084,0.0703125,0.42578125,0.41796875
Moving harm,Freeze after first revision,4,0.42915842056274406,0.012489472230973674,0.09765625,0.42578125,0.41796875
Moving harm,Freeze after first revision,5,0.430094871520996,0.011110893567311028,0.06640625,0.42578125,0.41796875
Moving harm,Freeze after first revision,6,0.43349456787109364,0.011294177638649623,0.0703125,0.42578125,0.41796875
Moving harm,Freeze after first revision,7,0.42986007690429673,0.011471351915261678,0.07421875,0.42578125,0.41796875
Moving harm,Freeze after first revision,8,0.42505559921264635,0.011963444196053165,0.0859375,0.42578125,0.41796875
Moving harm,Freeze after first revision,9,0.4207179832458495,0.013054610660052183,0.11328125,0.42578125,0.41796875
Moving harm,Freeze after first revision,10,0.44169790267944326,0.009248291032036782,0.03125,0.42578125,0.41796875
Moving harm,Freeze after first revision,11,0.4361888313293456,0.010345611650897002,0.05078125,0.42578125,0.41796875
Moving harm,Freeze after first revision,12,0.43946987152099604,0.010318480493911777,0.05078125,0.42578125,0.41796875
Moving harm,Freeze after first revision,13,0.4445083045959472,0.009199130261395877,0.03125,0.42578125,0.41796875
Moving harm,Freeze after first revision,14,0.4356014251708984,0.010923646843931104,0.0625,0.42578125,0.41796875
Moving harm,Freeze after first revision,15,0.4312677955627441,0.011476563184188977,0.07421875,0.42578125,0.41796875
Moving harm,Freeze after first revision,16,0.4465027999877929,0.00846174062583559,0.01953125,0.42578125,0.41796875
Moving harm,Freeze after first revision,17,0.4428670501708984,0.008776480610680017,0.0234375,0.42578125,0.41796875
Moving harm,Freeze after first revision,18,0.43642194747924795,0.010731696617440365,0.05859375,0.42578125,0.41796875
Moving harm,Freeze after first revision,19,0.44064006805419914,0.00990296402274103,0.04296875,0.42578125,0.41796875
Moving harm,Freeze after first revision,20,0.42950830459594724,0.012327165133085105,0.09375,0.42578125,0.41796875
Moving harm,Freeze after first revision,21,0.43396478652954096,0.011993701293626629,0.0859375,0.42578125,0.41796875
Moving harm,Freeze after first revision,22,0.42529165267944324,0.010895819840172278,0.0625,0.42578125,0.41796875
Moving harm,Freeze after first revision,23,0.4279825592041015,0.011464177861450835,0.07421875,0.42578125,0.41796875
Uniform gain,Fixed workflow,0,0.3799999999999999,0.0,0.0,0.0,0.0
Uniform gain,Fixed workflow,1,0.3799999999999999,0.0,0.0,0.0,0.0
Uniform gain,Fixed workflow,2,0.3799999999999999,0.0,0.0,0.0,0.0
Uniform gain,Fixed workflow,3,0.3799999999999999,0.0,0.0,0.0,0.0
Uniform gain,Fixed workflow,4,0.3799999999999999,0.0,0.0,0.0,0.0
Uniform gain,Fixed workflow,5,0.3799999999999999,0.0,0.0,0.0,0.0
Uniform gain,Fixed workflow,6,0.3799999999999999,0.0,0.0,0.0,0.0
Uniform gain,Fixed workflow,7,0.3799999999999999,0.0,0.0,0.0,0.0
Uniform gain,Fixed workflow,8,0.3799999999999999,0.0,0.0,0.0,0.0
Uniform gain,Fixed workflow,9,0.3799999999999999,0.0,0.0,0.0,0.0
Uniform gain,Fixed workflow,10,0.3799999999999999,0.0,0.0,0.0,0.0
Uniform gain,Fixed workflow,11,0.3799999999999999,0.0,0.0,0.0,0.0
Uniform gain,Fixed workflow,12,0.3799999999999999,0.0,0.0,0.0,0.0
Uniform gain,Fixed workflow,13,0.3799999999999999,0.0,0.0,0.0,0.0
Uniform gain,Fixed workflow,14,0.3799999999999999,0.0,0.0,0.0,0.0
Uniform gain,Fixed workflow,15,0.3799999999999999,0.0,0.0,0.0,0.0
Uniform gain,Fixed workflow,16,0.3799999999999999,0.0,0.0,0.0,0.0
Uniform gain,Fixed workflow,17,0.3799999999999999,0.0,0.0,0.0,0.0
Uniform gain,Fixed workflow,18,0.3799999999999999,0.0,0.0,0.0,0.0
Uniform gain,Fixed workflow,19,0.3799999999999999,0.0,0.0,0.0,0.0
Uniform gain,Fixed workflow,20,0.3799999999999999,0.0,0.0,0.0,0.0
Uniform gain,Fixed workflow,21,0.3799999999999999,0.0,0.0,0.0,0.0
Uniform gain,Fixed workflow,22,0.3799999999999999,0.0,0.0,0.0,0.0
Uniform gain,Fixed workflow,23,0.3799999999999999,0.0,0.0,0.0,0.0
Uniform gain,Biased search,0,0.6613232421874999,0.014379331013160156,0.0,0.0,0.0
Uniform gain,Biased search,1,0.6435107421874999,0.016104584845101976,0.0,0.0,0.0
Uniform gain,Biased search,2,0.6514794921874999,0.014674306589991188,0.0,0.0,0.0
Uniform gain,Biased search,3,0.6646044921874998,0.01407747085458765,0.0,0.0,0.0
Uniform gain,Biased search,4,0.6692919921874999,0.013746738650654991,0.0,0.0,0.0
Uniform gain,Biased search,5,0.6641357421874999,0.013835906322622398,0.0,0.0,0.0
Uniform gain,Biased search,6,0.6585107421874999,0.015064665712623307,0.0,0.0,0.0
Uniform gain,Biased search,7,0.6538232421874999,0.015150556146970319,0.0,0.0,0.0
Uniform gain,Biased search,8,0.6575732421874998,0.014777148199684582,0.0,0.0,0.0
Uniform gain,Biased search,9,0.6631982421874999,0.01426005020010655,0.0,0.0,0.0
Uniform gain,Biased search,10,0.6580419921874998,0.014489522583780405,0.0,0.0,0.0
Uniform gain,Biased search,11,0.6739794921875,0.012997672090778862,0.0,0.0,0.0
Uniform gain,Biased search,12,0.6678857421875,0.013940777657991642,0.0,0.0,0.0
Uniform gain,Biased search,13,0.6674169921875,0.013882838803187702,0.0,0.0,0.0
Uniform gain,Biased search,14,0.6608544921874999,0.014141284795299355,0.0,0.0,0.0
Uniform gain,Biased search,15,0.6589794921874998,0.015122235588403473,0.0,0.0,0.0
Uniform gain,Biased search,16,0.6702294921874998,0.013489567660298265,0.0,0.0,0.0
Uniform gain,Biased search,17,0.6688232421874999,0.013688703965985326,0.0,0.0,0.0
Uniform gain,Biased search,18,0.6650732421874999,0.013771638805386578,0.0,0.0,0.0
Uniform gain,Biased search,19,0.6566357421874999,0.014483010156046536,0.0,0.0,0.0
Uniform gain,Biased search,20,0.6556982421874998,0.015051475966442041,0.0,0.0,0.0
Uniform gain,Biased search,21,0.6650732421874999,0.0139550172330336,0.0,0.0,0.0
Uniform gain,Biased search,22,0.6603857421874999,0.014612254202758364,0.0,0.0,0.0
Uniform gain,Biased search,23,0.6627294921874999,0.014554714025622322,0.0,0.0,0.0
Uniform gain,Balanced search,0,0.7136621093750002,0.005513400661716655,0.0,1.0,0.0
Uniform gain,Balanced search,1,0.7122558593750001,0.006136518580931509,0.0,1.0,0.0
Uniform gain,Balanced search,2,0.7178808593750001,0.0036533183948456575,0.0,1.0,0.0
Uniform gain,Balanced search,3,0.7150683593750001,0.004804032658029271,0.0,1.0,0.0
Uniform gain,Balanced search,4,0.7164746093750002,0.0045590305604081335,0.0,1.0,0.0
Uniform gain,Balanced search,5,0.7150683593750001,0.004804032658029271,0.0,1.0,0.0
Uniform gain,Balanced search,6,0.7141308593750001,0.005599485270461711,0.0,1.0,0.0
Uniform gain,Balanced search,7,0.716005859375,0.0044565921100426205,0.0,1.0,0.0
Uniform gain,Balanced search,8,0.7117871093750001,0.006055883935394618,0.0,1.0,0.0
Uniform gain,Balanced search,9,0.7136621093750002,0.005513400661716655,0.0,1.0,0.0
Uniform gain,Balanced search,10,0.7188183593750002,0.003170137835656176,0.0,1.0,0.0
Uniform gain,Balanced search,11,0.7127246093750002,0.006215574787970375,0.0,1.0,0.0
Uniform gain,Balanced search,12,0.7141308593750002,0.005125403857832314,0.0,1.0,0.0
Uniform gain,Balanced search,13,0.7183496093750001,0.0037740959304066145,0.0,1.0,0.0
Uniform gain,Balanced search,14,0.7164746093750002,0.004559030560408134,0.0,1.0,0.0
Uniform gain,Balanced search,15,0.7169433593750001,0.004076421846856557,0.0,1.0,0.0
Uniform gain,Balanced search,16,0.7160058593750002,0.004456592110042619,0.0,1.0,0.0
Uniform gain,Balanced search,17,0.7131933593750002,0.0054253403593420655,0.0,1.0,0.0
Uniform gain,Balanced search,18,0.7150683593750002,0.0048040326580292714,0.0,1.0,0.0
Uniform gain,Balanced search,19,0.7145996093750001,0.005683683957364793,0.0,1.0,0.0
Uniform gain,Balanced search,20,0.7197558593750002,0.002593517087345473,0.0,1.0,0.0
Uniform gain,Balanced search,21,0.7131933593750002,0.0054253403593420655,0.0,1.0,0.0
Uniform gain,Balanced search,22,0.7164746093750001,0.0045590305604081335,0.0,1.0,0.0
Uniform gain,Balanced search,23,0.7145996093750002,0.005217259121317494,0.0,1.0,0.0
Uniform gain,Neyman search,0,0.7127856636047362,0.005792379515231577,0.0,0.0,1.0
Uniform gain,Neyman search,1,0.7118460655212402,0.006056139918330054,0.0,0.0,1.0
Uniform gain,Neyman search,2,0.7160625076293945,0.0044564805865142275,0.0,0.0,1.0
Uniform gain,Neyman search,3,0.7151250076293945,0.004804411930257649,0.0,0.0,1.0
Uniform gain,Neyman search,4,0.7155985832214354,0.004900169729896174,0.0,0.0,1.0
Uniform gain,Neyman search,5,0.7151254272460936,0.00480347321101318,0.0,0.0,1.0
Uniform gain,Neyman search,6,0.7165379714965819,0.004559281538642396,0.0,0.0,1.0
Uniform gain,Neyman search,7,0.7123164939880369,0.005706997624081405,0.0,0.0,1.0
Uniform gain,Neyman search,8,0.7109087753295897,0.006307195012044154,0.0,0.0,1.0
Uniform gain,Neyman search,9,0.7146549987792967,0.005217732073830823,0.0,0.0,1.0
Uniform gain,Neyman search,10,0.7170065116882323,0.004075658311982313,0.0,0.0,1.0
Uniform gain,Neyman search,11,0.7160618782043455,0.004456809530091545,0.0,0.0,1.0
Uniform gain,Neyman search,12,0.7123152351379394,0.005706434922569662,0.0,0.0,1.0
Uniform gain,Neyman search,13,0.7184098243713378,0.0037738830620648255,0.0,0.0,1.0
Uniform gain,Neyman search,14,0.7137204360961913,0.005513159959875782,0.0,0.0,1.0
Uniform gain,Neyman search,15,0.7160698509216308,0.004455769560469535,0.0,0.0,1.0
Uniform gain,Neyman search,16,0.713255043029785,0.005425110501949739,0.0,0.0,1.0
Uniform gain,Neyman search,17,0.7141862487792967,0.005125295365758425,0.0,0.0,1.0
Uniform gain,Neyman search,18,0.7141904449462889,0.005125831988030514,0.0,0.0,1.0
Uniform gain,Neyman search,19,0.7160625076293945,0.004994618073338813,0.0,0.0,1.0
Uniform gain,Neyman search,20,0.7179412841796874,0.0036532183357460826,0.0,0.0,1.0
Uniform gain,Neyman search,21,0.7132539939880369,0.005425924998253747,0.0,0.0,1.0
Uniform gain,Neyman search,22,0.7179427528381346,0.0036528262171672344,0.0,0.0,1.0
Uniform gain,Neyman search,23,0.7137166595458984,0.005513559139306066,0.0,0.0,1.0
Uniform gain,Procedure revision,0,0.6009695053100585,0.013493870709021109,0.0,0.30859375,0.34375
Uniform gain,Procedure revision,1,0.6878124237060547,0.013009023126749335,0.0,0.30859375,0.34375
Uniform gain,Procedure revision,2,0.6798396873474122,0.01355977578866226,0.0,0.30859375,0.34375
Uniform gain,Procedure revision,3,0.6887461471557617,0.01232260300813204,0.0,0.30859375,0.34375
Uniform gain,Procedure revision,4,0.6906230354309082,0.012351414831789673,0.0,0.30859375,0.34375
Uniform gain,Procedure revision,5,0.681247615814209,0.013732069382122456,0.0,0.30859375,0.34375
Uniform gain,Procedure revision,6,0.6803138923645019,0.013985597340957553,0.0,0.30859375,0.34375
Uniform gain,Procedure revision,7,0.6882815933227538,0.012870008444268322,0.0,0.30859375,0.34375
Uniform gain,Procedure revision,8,0.5939397239685058,0.013570399660713547,0.0,0.28125,0.35546875
Uniform gain,Procedure revision,9,0.6873426246643066,0.01314657167687194,0.0,0.28125,0.35546875
Uniform gain,Procedure revision,10,0.6906266021728517,0.01275597669614695,0.0,0.28125,0.35546875
Uniform gain,Procedure revision,11,0.6892199325561523,0.012786553380035327,0.0,0.28125,0.35546875
Uniform gain,Procedure revision,12,0.6835951423645019,0.01326726278698303,0.0,0.28125,0.35546875
Uniform gain,Procedure revision,13,0.6957849502563477,0.011938607665280244,0.0,0.28125,0.35546875
Uniform gain,Procedure revision,14,0.6990615844726563,0.011470638987099449,0.0,0.28125,0.35546875
Uniform gain,Procedure revision,15,0.6798482894897461,0.013928796741736983,0.0,0.28125,0.35546875
Uniform gain,Procedure revision,16,0.6018936538696289,0.013226389209039475,0.0,0.33203125,0.36328125
Uniform gain,Procedure revision,17,0.6840529823303223,0.013324088534984532,0.0,0.33203125,0.36328125
Uniform gain,Procedure revision,18,0.6812432098388672,0.01373242992405615,0.0,0.33203125,0.36328125
Uniform gain,Procedure revision,19,0.6770225715637208,0.014484903583146294,0.0,0.33203125,0.36328125
Uniform gain,Procedure revision,20,0.688274040222168,0.012669792993699146,0.0,0.33203125,0.36328125
Uniform gain,Procedure revision,21,0.685461540222168,0.012917692218532914,0.0,0.33203125,0.36328125
Uniform gain,Procedure revision,22,0.6962425804138184,0.011996037189593444,0.0,0.33203125,0.36328125
Uniform gain,Procedure revision,23,0.6793663215637207,0.013687989145289643,0.0,0.33203125,0.36328125
Uniform gain,Freeze after first revision,0,0.6009695053100585,0.013493870709021109,0.0,0.30859375,0.34375
Uniform gain,Freeze after first revision,1,0.6878124237060547,0.013009023126749335,0.0,0.30859375,0.34375
Uniform gain,Freeze after first revision,2,0.6798396873474122,0.01355977578866226,0.0,0.30859375,0.34375
Uniform gain,Freeze after first revision,3,0.6887461471557617,0.01232260300813204,0.0,0.30859375,0.34375
Uniform gain,Freeze after first revision,4,0.6906230354309082,0.012351414831789673,0.0,0.30859375,0.34375
Uniform gain,Freeze after first revision,5,0.681247615814209,0.013732069382122456,0.0,0.30859375,0.34375
Uniform gain,Freeze after first revision,6,0.6803138923645019,0.013985597340957553,0.0,0.30859375,0.34375
Uniform gain,Freeze after first revision,7,0.6882815933227538,0.012870008444268322,0.0,0.30859375,0.34375
Uniform gain,Freeze after first revision,8,0.6742172050476074,0.014138884959109232,0.0,0.30859375,0.34375
Uniform gain,Freeze after first revision,9,0.6859342765808105,0.013169689336937332,0.0,0.30859375,0.34375
Uniform gain,Freeze after first revision,10,0.6929676246643066,0.01222719222185324,0.0,0.30859375,0.34375
Uniform gain,Freeze after first revision,11,0.6882773971557617,0.013066211420796416,0.0,0.30859375,0.34375
Uniform gain,Freeze after first revision,12,0.6765584373474122,0.01407035141238016,0.0,0.30859375,0.34375
Uniform gain,Freeze after first revision,13,0.6840617942810059,0.013513398496167554,0.0,0.30859375,0.34375
Uniform gain,Freeze after first revision,14,0.6976544952392578,0.011737063155233462,0.0,0.30859375,0.34375
Uniform gain,Freeze after first revision,15,0.6854695129394531,0.013304645649183341,0.0,0.30859375,0.34375
Uniform gain,Freeze after first revision,16,0.6864061737060547,0.012838346624730644,0.0,0.30859375,0.34375
Uniform gain,Freeze after first revision,17,0.678901138305664,0.013995993028103997,0.0,0.30859375,0.34375
Uniform gain,Freeze after first revision,18,0.678436164855957,0.013756148278292368,0.0,0.30859375,0.34375
Uniform gain,Freeze after first revision,19,0.6845282363891602,0.013382111834644581,0.0,0.30859375,0.34375
Uniform gain,Freeze after first revision,20,0.6835930442810059,0.013266917887731296,0.0,0.30859375,0.34375
Uniform gain,Freeze after first revision,21,0.6854674148559571,0.013112987354166522,0.0,0.30859375,0.34375
Uniform gain,Freeze after first revision,22,0.6864032363891601,0.01360475830522364,0.0,0.30859375,0.34375
Uniform gain,Freeze after first revision,23,0.6793732452392578,0.01387278967994315,0.0,0.30859375,0.34375
