scenario,comparator,delta,ci95
Blind harm,Biased search,0.01919620434443154,0.00401131038119513
Blind harm,Balanced search,-0.03902156909306844,0.003566905813462087
Blind harm,Neyman search,-0.04060684680938723,0.0035864074335404837
Blind harm,Freeze after first revision,-0.01120592037836711,0.0033711102255075524
Moving harm,Biased search,0.007093973159790019,0.00322238356541798
Moving harm,Balanced search,-0.03288649559020996,0.002885759712478383
Moving harm,Neyman search,-0.03459899743398033,0.002922417240927615
Moving harm,Freeze after first revision,-0.009851583639780687,0.0019323921343394489
Uniform gain,Biased search,0.013814659913380907,0.0033518754762620197
Uniform gain,Balanced search,-0.03981326977411918,0.003009202297559926
Uniform gain,Neyman search,-0.03934518814086914,0.003062353371622105
Uniform gain,Freeze after first revision,-0.005636401971181237,0.002353473948699785
