condition,scenario,arm,n,net_value,ci95,harmful_adoption,harm_ci95,difference_vs_balanced,paired_ci95,evaluation_expense,program_changes
prior_1_9,Blind harm,Fixed workflow,128,0.3799999999999999,0.0,0.0,0.0,-0.07050781250000007,0.0019326658534129753,0.0,0.0
prior_1_9,Blind harm,Biased search,128,0.35019042968749997,0.005229315708908175,0.33333333333333337,0.01694677269476858,-0.1003173828125,0.00541137273072744,0.0182080078125,0.0
prior_1_9,Blind harm,Balanced search,128,0.45050781249999994,0.0019326658534129753,0.008138020833333332,0.0030123326857779647,0.0,0.0,0.018369140625000002,0.0
prior_1_9,Blind harm,Neyman search,128,0.45384491284688305,0.0017608724695909487,0.004557291666666666,0.0024364274884740057,0.0033371003468831606,0.00115330988170037,0.018283993403116865,0.0
prior_1_9,Blind harm,Procedure revision,128,0.41334624290466304,0.005758119397183859,0.10123697916666666,0.018535143546752397,-0.03716156959533691,0.0057053077564097375,0.018206491470336914,2.0703125
prior_1_9,Moving harm,Fixed workflow,128,0.3799999999999999,0.0,0.0,0.0,-0.07014648437500007,0.001999324193000115,0.0,0.0
prior_1_9,Moving harm,Biased search,128,0.3878369140624999,0.003865562684187937,0.20149739583333334,0.012077893301281345,-0.062309570312499986,0.0039210157574226705,0.0182080078125,0.0
prior_1_9,Moving harm,Balanced search,128,0.45014648437499993,0.0019993241930001144,0.009114583333333332,0.0031297501900173796,0.0,0.0,0.018369140625000002,0.0
prior_1_9,Moving harm,Neyman search,128,0.453385526339213,0.0017526394116145745,0.006184895833333332,0.0025764578916753936,0.003239041964213082,0.0011783821862381872,0.01828439553578695,0.0
prior_1_9,Moving harm,Procedure revision,128,0.4174258454640706,0.004707685848871733,0.0859375,0.014429656993737293,-0.03272063891092936,0.004746686894154463,0.018199154535929362,2.109375
prior_1_19,Blind harm,Fixed workflow,128,0.3799999999999999,0.0,0.0,0.0,-0.07035156250000008,0.001912041117063829,0.0,0.0
prior_1_19,Blind harm,Biased search,128,0.31388183593749996,0.005668059316059056,0.46549479166666663,0.018164568325855217,-0.1364697265625,0.005900203524563596,0.0182080078125,0.0
prior_1_19,Blind harm,Balanced search,128,0.45035156249999997,0.001912041117063829,0.008138020833333332,0.0030123326857779647,0.0,0.0,0.018369140625000002,0.0
prior_1_19,Blind harm,Neyman search,128,0.4538355668385823,0.0017357802630901767,0.004231770833333333,0.0023690600684005774,0.0034840043385823832,0.0011100383487662228,0.018283573786417644,0.0
prior_1_19,Blind harm,Procedure revision,128,0.41313627560933425,0.007055986954587687,0.10286458333333333,0.023022274686620936,-0.037215286890665694,0.006988452050771129,0.01823091189066569,2.0625
prior_1_19,Moving harm,Fixed workflow,128,0.3799999999999999,0.0,0.0,0.0,-0.06999023437500007,0.0019785311760349726,0.0,0.0
prior_1_19,Moving harm,Biased search,128,0.3686767578125,0.004276807196076671,0.2750651041666667,0.013199841881363276,-0.08131347656249999,0.004320481354508554,0.0182080078125,0.0
prior_1_19,Moving harm,Balanced search,128,0.44999023437499996,0.0019785311760349726,0.009114583333333332,0.0031297501900173796,0.0,0.0,0.018369140625000002,0.0
prior_1_19,Moving harm,Neyman search,128,0.45337611039479564,0.0017273617378606135,0.005859375,0.0025192170947630254,0.003385876019795765,0.0011684991997743103,0.018284045855204267,0.0
prior_1_19,Moving harm,Procedure revision,128,0.4146210352579752,0.005251388161007649,0.0986328125,0.01660119291892158,-0.03536919911702474,0.005350651194290985,0.01822076161702474,2.1328125
budget_24,Blind harm,Fixed workflow,128,0.3799999999999999,0.0,0.0,0.0,-0.060322265625000066,0.002298682851519558,0.0,0.0
budget_24,Blind harm,Biased search,128,0.3770996093749999,0.004464042093928753,0.23372395833333334,0.014640912464579544,-0.06322265625000001,0.00484441880413756,0.009990234375,0.0
budget_24,Blind harm,Balanced search,128,0.440322265625,0.002298682851519558,0.03385416666666667,0.006059677369623587,0.0,0.0,0.009990234375,0.0
budget_24,Blind harm,Neyman search,128,0.4427343749999999,0.0023473906801440023,0.0322265625,0.005672548615811448,0.002412109374999995,0.0011342824085595555,0.009990234375,0.0
budget_24,Blind harm,Procedure revision,128,0.39689786116282144,0.006296596447140627,0.15104166666666669,0.020596728947310027,-0.043424404462178545,0.006300809784800002,0.010016201337178548,2.0390625
budget_24,Moving harm,Fixed workflow,128,0.3799999999999999,0.0,0.0,0.0,-0.06103515625000006,0.0022567659275133495,0.0,0.0
budget_24,Moving harm,Biased search,128,0.40125976562499993,0.003696938699190301,0.1484375,0.011268557134519023,-0.03977539062500001,0.004120300840538931,0.009990234375,0.0
budget_24,Moving harm,Balanced search,128,0.4410351562499999,0.0022567659275133495,0.03157552083333333,0.005922447221201982,0.0,0.0,0.009990234375,0.0
budget_24,Moving harm,Neyman search,128,0.4438378906249999,0.002393239364826947,0.028645833333333332,0.005853036360744843,0.0028027343749999958,0.0011024417539414323,0.009990234375,0.0
budget_24,Moving harm,Procedure revision,128,0.403722710609436,0.005099285641402592,0.12174479166666666,0.015600747904195552,-0.03731244564056396,0.0050271616791735425,0.010007758140563965,2.15625
budget_96,Blind harm,Fixed workflow,128,0.3799999999999999,0.0,0.0,0.0,-0.06625000000000006,0.0015397717474262217,0.0,0.0
budget_96,Blind harm,Biased search,128,0.39768066406249986,0.0035242839552714887,0.10091145833333334,0.010431339884846244,-0.048569335937500055,0.003655050087629162,0.03464355468750001,0.0
budget_96,Blind harm,Balanced search,128,0.44625000000000004,0.0015397717474262217,0.0,0.0,0.0,0.0,0.034804687499999994,0.0
budget_96,Blind harm,Neyman search,128,0.44753260453542076,0.001470151016038239,0.0,0.0,0.0012826045354207751,0.0007969557398775485,0.03473302046457927,0.0
budget_96,Blind harm,Procedure revision,128,0.41474781831105545,0.004147818979073776,0.0556640625,0.011539365442455972,-0.03150218168894449,0.0043782314092046205,0.0346564785639445,2.0390625
budget_96,Moving harm,Fixed workflow,128,0.3799999999999999,0.0,0.0,0.0,-0.06625000000000006,0.0015397717474262217,0.0,0.0
budget_96,Moving harm,Biased search,128,0.4088232421874999,0.0031268377883379127,0.06087239583333333,0.008444398635983816,-0.03742675781250006,0.0032398128219459873,0.03464355468750001,0.0
budget_96,Moving harm,Balanced search,128,0.44625000000000004,0.0015397717474262217,0.0,0.0,0.0,0.0,0.034804687499999994,0.0
budget_96,Moving harm,Neyman search,128,0.44753274440765384,0.001470085205368956,0.0,0.0,0.0012827444076538444,0.0007968664799140938,0.03473288059234619,0.0
budget_96,Moving harm,Procedure revision,128,0.41919469833374023,0.003152932506616032,0.03841145833333333,0.008183197032323274,-0.02705530166625976,0.0034503144517580952,0.03465295791625977,2.0859375
cost_ratio_3,Blind harm,Fixed workflow,128,0.3799999999999999,0.0,0.0,0.0,-0.05370117187500009,0.0025306512936296784,0.0,0.0
cost_ratio_3,Blind harm,Biased search,128,0.34062988281249995,0.005097137789062073,0.34407552083333337,0.016536192368422995,-0.09307128906250002,0.0053675565396039526,0.0200830078125,0.0
cost_ratio_3,Blind harm,Balanced search,128,0.433701171875,0.0025306512936296784,0.03125,0.006210147438807191,0.0,0.0,0.019072265625,0.0
cost_ratio_3,Blind harm,Neyman search,128,0.43882901827494303,0.002449585619307574,0.030598958333333336,0.006109196551029557,0.005127846399943011,0.0022301991671664504,0.019159262975056966,0.0
cost_ratio_3,Blind harm,Procedure revision,128,0.3929986524581909,0.005151146840436603,0.142578125,0.017718656375990727,-0.04070251941680912,0.005066566742524933,0.019325566291809086,1.9453125
cost_ratio_3,Moving harm,Fixed workflow,128,0.3799999999999999,0.0,0.0,0.0,-0.0531542968750001,0.0025440396327534734,0.0,0.0
cost_ratio_3,Moving harm,Biased search,128,0.38016113281249997,0.004328816796868338,0.20865885416666669,0.013297582189413409,-0.052993164062500014,0.004626471128033865,0.0200830078125,0.0
cost_ratio_3,Moving harm,Balanced search,128,0.433154296875,0.0025440396327534734,0.03255208333333333,0.0062717779342574154,0.0,0.0,0.019072265625,0.0
cost_ratio_3,Moving harm,Neyman search,128,0.439770294825236,0.0025426398126262143,0.027994791666666668,0.00634797467801988,0.006615997950235985,0.002319187419184915,0.019155486424764,0.0
cost_ratio_3,Moving harm,Procedure revision,128,0.3961117696762084,0.0044951107709418035,0.130859375,0.014485968496858641,-0.037042527198791544,0.004875814550424082,0.019376511573791503,2.09375
label_noise_010,Blind harm,Fixed workflow,128,0.3799999999999999,0.0,0.0,0.0,-0.05435546875000005,0.00259555115212128,0.0,0.0
label_noise_010,Blind harm,Biased search,128,0.3769287109374999,0.004236316545190563,0.20247395833333331,0.014112976682088153,-0.05742675781249998,0.004488712186879365,0.0182080078125,0.0
label_noise_010,Blind harm,Balanced search,128,0.43435546875,0.00259555115212128,0.034830729166666664,0.006391000346172994,0.0,0.0,0.018369140625000002,0.0
label_noise_010,Blind harm,Neyman search,128,0.43672798474629715,0.0024333061231241342,0.033203125,0.005895596521930225,0.002372515996297231,0.0015796716911099374,0.0182915465037028,0.0
label_noise_010,Blind harm,Procedure revision,128,0.39167883872985837,0.005224330379979935,0.1552734375,0.016744990459573884,-0.04267663002014159,0.004924973273691374,0.0182137393951416,2.0859375
label_noise_010,Moving harm,Fixed workflow,128,0.3799999999999999,0.0,0.0,0.0,-0.05394531250000005,0.00254942631407428,0.0,0.0
label_noise_010,Moving harm,Biased search,128,0.3927978515624999,0.0034361499086202384,0.14420572916666666,0.010979115264808274,-0.04114746093749998,0.003831606407849059,0.0182080078125,0.0
label_noise_010,Moving harm,Balanced search,128,0.43394531249999996,0.0025494263140742805,0.035481770833333336,0.0064110301699301705,0.0,0.0,0.018369140625000002,0.0
label_noise_010,Moving harm,Neyman search,128,0.43606390476226803,0.0024868107259293846,0.03580729166666667,0.006323691612880544,0.0021185922622681003,0.0015260398706977677,0.018291563987731935,0.0
label_noise_010,Moving harm,Procedure revision,128,0.3969948546091715,0.004373014487013335,0.1357421875,0.0139525156214292,-0.03695045789082843,0.004277530157141784,0.01821022351582845,2.0546875
generation_000,Blind harm,Fixed workflow,128,0.4,1.9309207104973668e-17,0.0,0.0,-0.07263671875000001,0.0018715349328533798,0.0,0.0
generation_000,Blind harm,Biased search,128,0.4184277343749999,0.003994766641562253,0.154296875,0.012790022659522952,-0.05420898437499998,0.0042179508022666306,0.016552734374999996,0.0
generation_000,Blind harm,Balanced search,128,0.4726367187499999,0.0018715349328533798,0.0078125,0.002970005231480556,0.0,0.0,0.016699218749999998,0.0
generation_000,Blind harm,Neyman search,128,0.47474236170450845,0.001831299742952937,0.006835937499999999,0.002683703519488295,0.002105642954508544,0.0009247169834896118,0.016634591420491535,0.0
generation_000,Blind harm,Procedure revision,128,0.4333586406707763,0.004650428445641512,0.10188802083333333,0.014374351348979223,-0.03927807807922359,0.004700348040039838,0.016572999954223632,2.09375
generation_000,Moving harm,Fixed workflow,128,0.4,1.9309207104973668e-17,0.0,0.0,-0.072275390625,0.00193048538575579,0.0,0.0
generation_000,Moving harm,Biased search,128,0.43377929687499994,0.0032377949763952732,0.099609375,0.009510678571017943,-0.038496093749999974,0.0034426953693807603,0.016552734374999996,0.0
generation_000,Moving harm,Balanced search,128,0.4722753906249999,0.00193048538575579,0.0087890625,0.0029564842415178293,0.0,0.0,0.016699218749999998,0.0
generation_000,Moving harm,Neyman search,128,0.47447848320007324,0.0018092733012262054,0.007161458333333333,0.0027339922085516536,0.002203092575073317,0.0009650266613416801,0.01663479804992676,0.0
generation_000,Moving harm,Procedure revision,128,0.4391166973114014,0.004040662779939647,0.08138020833333334,0.011701143041347187,-0.03315869331359858,0.004167025023304326,0.016566896438598634,2.125
generation_010,Blind harm,Fixed workflow,128,0.2999999999999999,9.654603552486834e-18,0.0,0.0,-0.0642871093750001,0.0018715349328533807,0.0,0.0
generation_010,Blind harm,Biased search,128,0.3101513671875,0.003994766641562254,0.154296875,0.012790022659522952,-0.05413574218750003,0.004217950802266632,0.024829101562500004,0.0
generation_010,Blind harm,Balanced search,128,0.3642871093750001,0.0018715349328533807,0.0078125,0.002970005231480556,0.0,0.0,0.02504882812499999,0.0
generation_010,Blind harm,Neyman search,128,0.3664250659942627,0.0018313362309457864,0.006835937499999999,0.002683703519488295,0.0021379566192626788,0.0009247226077426058,0.02495188713073731,0.0
generation_010,Blind harm,Procedure revision,128,0.3250774653752645,0.004648813180623909,0.10188802083333333,0.014374351348979223,-0.03920964399973556,0.004698716898273534,0.024854175249735516,2.09375
generation_010,Moving harm,Fixed workflow,128,0.2999999999999999,9.654603552486834e-18,0.0,0.0,-0.06392578125000009,0.0019304853857557915,0.0,0.0
generation_010,Moving harm,Biased search,128,0.3255029296875,0.0032377949763952737,0.099609375,0.009510678571017943,-0.038422851562500034,0.0034426953693807616,0.024829101562500004,0.0
generation_010,Moving harm,Balanced search,128,0.3639257812500001,0.0019304853857557915,0.0087890625,0.0029564842415178293,0.0,0.0,0.02504882812499999,0.0
generation_010,Moving harm,Neyman search,128,0.3661610841751099,0.0018093124230629503,0.007161458333333333,0.0027339922085516536,0.0022353029251098487,0.0009650066788074161,0.024952197074890138,0.0
generation_010,Moving harm,Procedure revision,128,0.3308386532465617,0.004039314288769993,0.08138020833333334,0.011701143041347187,-0.03308712800343836,0.00416566795839512,0.024844940503438315,2.125
review_4,Blind harm,Fixed workflow,128,0.3799999999999999,0.0,0.0,0.0,-0.06893554687500011,0.0015253523351014624,0.0,0.0
review_4,Blind harm,Biased search,128,0.40126953125000003,0.0038822583681886536,0.109375,0.01156503055115588,-0.047666015625000016,0.004055348793554164,0.029003906249999992,0.0
review_4,Blind harm,Balanced search,128,0.44893554687500004,0.0015253523351014622,0.0003255208333333333,0.0006380208333333332,0.0,0.0,0.029003906249999992,0.0
review_4,Blind harm,Neyman search,128,0.4501378583908081,0.0016134508443955864,0.0003255208333333333,0.0006380208333333332,0.0012023115158080757,0.0007064017476185466,0.028934407234191897,0.0
review_4,Blind harm,Procedure revision,128,0.3999352661768595,0.004456921569297117,0.10579427083333333,0.013644966479646145,-0.049000280698140504,0.004408586039529535,0.028785436948140463,4.0
review_4,Moving harm,Fixed workflow,128,0.3799999999999999,0.0,0.0,0.0,-0.06886718750000011,0.0015419097924731832,0.0,0.0
review_4,Moving harm,Biased search,128,0.41139648437500004,0.0033885240737214074,0.07454427083333334,0.009825468638014548,-0.037470703125000004,0.0036535829700812734,0.029003906249999992,0.0
review_4,Moving harm,Balanced search,128,0.4488671875,0.001541909792473183,0.0006510416666666666,0.0008987383418773412,0.0,0.0,0.029003906249999992,0.0
review_4,Moving harm,Neyman search,128,0.4500694640477499,0.0016369413302744888,0.0006510416666666666,0.0008987383418773412,0.0012022765477498042,0.0007064632153680387,0.028934442202250166,0.0
review_4,Moving harm,Procedure revision,128,0.4071196969350179,0.003329586805721453,0.078125,0.010168063616861149,-0.04174749056498214,0.003437630245392776,0.0287787405649821,4.171875
review_12,Blind harm,Fixed workflow,128,0.3799999999999999,0.0,0.0,0.0,-0.06898437500000008,0.002102507200429751,0.0,0.0
review_12,Blind harm,Biased search,128,0.3824365234374999,0.004759086236677211,0.2119140625,0.01488527472023083,-0.06654785156250004,0.004933035909805483,0.014663085937499994,0.0
review_12,Blind harm,Balanced search,128,0.448984375,0.002102507200429751,0.013671875,0.004161890691900651,0.0,0.0,0.014824218750000005,0.0
review_12,Blind harm,Neyman search,128,0.45235703309377034,0.0020642727457679294,0.010416666666666666,0.003623372413449131,0.0033726580937703515,0.0010571554687967078,0.014752341906229654,0.0
review_12,Blind harm,Procedure revision,128,0.4183732668558756,0.004820432286436488,0.08723958333333334,0.016037196831631167,-0.030611108144124363,0.004826408764972528,0.014712670644124348,1.4609375
review_12,Moving harm,Fixed workflow,128,0.3799999999999999,0.0,0.0,0.0,-0.06980468750000009,0.0020452652359507014,0.0,0.0
review_12,Moving harm,Biased search,128,0.4060888671874999,0.003630250955446652,0.1279296875,0.010914698745984813,-0.04371582031250005,0.003663814079281724,0.014663085937499994,0.0
review_12,Moving harm,Balanced search,128,0.4498046875,0.0020452652359507014,0.011067708333333332,0.0037877214942045457,0.0,0.0,0.014824218750000005,0.0
review_12,Moving harm,Neyman search,128,0.45235712051391597,0.001941614326950422,0.010416666666666666,0.003508315253598964,0.0025524330139160196,0.000998829891474198,0.014752254486083985,0.0
review_12,Moving harm,Procedure revision,128,0.421905148824056,0.003925113743914474,0.07454427083333333,0.0122423729836455,-0.027899538675944028,0.003942840804752205,0.01470617930094401,1.453125
