environment,memory,arm,meta_share,trials,pool,program_memory,n,net,net_ci95,harm,harm_ci95,regret,regret_ci95,expense,expense_ci95,meta_expense,meta_expense_ci95,late_net,late_net_ci95
Stationary harm,Cumulative,Discover once,0.2,1,True,True,96,0.47923985481262205,0.0017335492746461268,0.00021701388888888888,0.00042534722222222225,0.0025195312500000005,0.00173511195039898,0.01824061393737793,1.3130647306098608e-05,0.0006013266245524089,3.1337354869637534e-07,0.4804832458496093,0.002448837332594883
Stationary harm,Cumulative,Repeated discovery,0.2,1,True,True,96,0.48042813830905495,0.001061571060748399,0.00021701388888888888,0.00042534722222222225,0.0014778645833333336,0.0010615199052733874,0.018093997107611764,6.001704715089555e-07,0.0035920439826117624,6.001704715089085e-07,0.4819091860453289,1.3096898238866584e-06
Stationary harm,Cumulative,Discover once,0.2,3,True,True,96,0.4791558021969266,0.00219657492787416,0.0,0.0,0.0026041666666666665,0.002198443387040793,0.018240031136406792,1.2994564477796534e-05,0.0006021425459120009,3.961652204853277e-07,0.4801724243164062,0.002517755492321316
Stationary harm,Cumulative,Repeated discovery,0.2,3,True,True,96,0.48101030455695265,0.0005987663212933446,0.0,0.0,0.0009114583333333336,0.0005988944855367152,0.018078237109714086,6.747488961590132e-07,0.0035762839847140846,6.747488961589463e-07,0.4819298044840495,1.2461344401041666e-06
Stationary harm,Cumulative,Discover once,0.2,6,True,True,96,0.480409828821818,0.0010480394491011373,0.0,0.0,0.001354166666666667,0.0010488181701770653,0.0182360045115153,1.3132556365602844e-05,0.0005975447760687934,4.967585918971943e-07,0.48173660278320307,1.538984578275259e-05
Stationary harm,Cumulative,Repeated discovery,0.2,6,True,True,96,0.480961971282959,0.0005649460597483565,0.0,0.0,0.0008333333333333335,0.000565182524986139,0.018204695383707684,1.056190163110195e-05,0.003521176444159614,7.418498913988514e-07,0.48176531473795564,1.596510623510047e-05
Stationary harm,Cumulative,Discover once,0.4,1,True,True,96,0.4809902498457168,0.0007252098330625493,0.0,0.0,0.0007552083333333334,0.0007260618657362899,0.018254541820949977,1.2839817324957355e-05,0.001210270987616645,2.3481630777104306e-07,0.48048828125,0.002448939244372287
Stationary harm,Cumulative,Repeated discovery,0.4,1,True,True,96,0.4812398984697128,0.0006079175246874641,0.0,0.0,0.000546875,0.0006079836229705853,0.018213226530287,6.899587378967089e-07,0.007256195280286999,6.899587378967109e-07,0.48178849538167307,1.2896453760068122e-06
Stationary harm,Cumulative,Discover once,0.4,3,True,True,96,0.4808164734310574,0.0007149974071201973,0.0,0.0,0.0009375000000000003,0.0007155804446790158,0.0182460265689426,1.3178015975335297e-05,0.00119616084628635,3.9757243988106703e-07,0.4817315673828124,1.5686783359676085e-05
Stationary harm,Cumulative,Repeated discovery,0.4,3,True,True,96,0.48101694636874726,0.0006489007577778516,0.0,0.0,0.0008854166666666668,0.0006489363415355141,0.018097636964586047,6.2105086731222e-07,0.007140605714586047,6.210508673122088e-07,0.48190998077392594,1.1976410102974772e-06
Stationary harm,Cumulative,Discover once,0.4,6,True,True,96,0.48095977995130745,0.0006250661060125342,0.0,0.0,0.0007812500000000002,0.0006255248892421497,0.01825897004869249,1.3442329901241366e-05,0.0012021107143825956,5.011267092700799e-07,0.48172317504882806,1.6028035525335216e-05
Stationary harm,Cumulative,Repeated discovery,0.4,6,True,True,96,0.4811673704783121,0.0005474682639354081,0.0,0.0,0.0007291666666666669,0.0005474360426207194,0.01810346285502116,7.378020038217671e-07,0.00714643160502116,7.378020038217249e-07,0.4819107755025229,1.0499142431132705e-06
Stationary harm,Cumulative,Discover once,0.6,1,True,True,96,0.48041732788085945,0.0017983341782341028,0.0,0.0,0.0013541666666666667,0.0017993754500475769,0.018228505452473957,1.2460198429352215e-05,0.0018298848470052083,3.002940424421712e-07,0.4804933166503906,0.002449040733249767
Stationary harm,Cumulative,Repeated discovery,0.6,1,True,True,96,0.4810839737786187,0.0007444920336798765,0.0,0.0,0.0006770833333333335,0.0007452414526406314,0.01823894288804796,1.0368218798742026e-05,0.010964188045925563,6.334722093382266e-07,0.48171768188476555,1.6096850850834805e-05
Stationary harm,Cumulative,Discover once,0.6,3,True,True,96,0.48139992819892036,0.0003215607098612122,0.0,0.0,0.00033854166666666673,0.00032141108764699916,0.018261530134412975,1.3792580475418325e-05,0.0018005148569742839,3.989291716367432e-07,0.4817265319824218,1.591390475952194e-05
Stationary harm,Cumulative,Repeated discovery,0.6,3,True,True,96,0.48153708457946776,0.00028898675896611324,0.0,0.0,0.0002864583333333334,0.0002890675033153213,0.018176457087198894,1.494694615990828e-06,0.010766574011908637,6.766606703835797e-07,0.48182877858479806,1.2896453760068127e-06
Stationary harm,Cumulative,Discover once,0.6,6,True,True,96,0.4810228527916802,0.0006564934603100281,0.0,0.0,0.0007291666666666669,0.0006567495661894713,0.018247980541653105,1.3228066553416964e-05,0.001786137686835395,4.972005551191514e-07,0.4817282104492187,1.5845750678637336e-05
Stationary harm,Cumulative,Repeated discovery,0.6,6,True,True,96,0.4811830764346652,0.000490140827102273,0.0,0.0,0.0005729166666666668,0.0004893503551672762,0.018244006898668078,1.0456489144782963e-05,0.010651170942518447,7.00929578035955e-07,0.48173886617024736,1.5033706685325673e-05
Stationary harm,Cumulative,Biased,0.2,1,True,True,96,0.47014485677083334,0.0032178690162904654,0.009331597222222222,0.0038657487542193506,0.01164713541666667,0.0032178690162904633,0.018208007812500003,6.976771834167971e-19,0.0,0.0,0.47913574218749994,0.0032868697489725
Stationary harm,Cumulative,Balanced,0.2,1,True,True,96,0.479892578125,0.0006224140255314944,0.00021701388888888888,0.00042534722222222214,0.0017382812500000005,0.0006224140255314922,0.018369140625,0.0,0.0,0.0,0.4816308593749999,2.2325669869337508e-17
Stationary harm,Cumulative,Neyman,0.2,1,True,True,96,0.4801559427049425,0.0005726248813715327,0.00021701388888888888,0.00042534722222222214,0.0016341145833333338,0.0005726166123900373,0.018209942711724172,2.3528194980970455e-07,0.0,0.0,0.48179199218749985,3.3488504804006264e-17
Stationary harm,Cumulative,Successive rejects,0.2,1,True,True,96,0.4804492187500001,0.0006195988194884111,0.00021701388888888888,0.00042534722222222214,0.0015039062500000003,0.0006195988194884099,0.018046874999999997,6.976771834167971e-19,0.0,0.0,0.48195312500000015,3.3488504804006264e-17
Stationary harm,Cumulative,Repeated discovery,0.2,1,True,False,96,0.48042315800984703,0.0010614344891409326,0.00021701388888888888,0.00042534722222222225,0.0014778645833333336,0.0010615199052733874,0.018098977406819663,6.144947447708379e-07,0.0035970242818196617,6.144947447708041e-07,0.4819031461079917,1.4768692385029838e-06
Stationary harm,Cumulative,Repeated discovery,0.2,1,False,True,96,0.47751152250501844,0.0018300572417327672,0.004557291666666667,0.0034843509612454116,0.004394531250000001,0.0018301831720176677,0.018093946244981552,5.917520197131754e-07,0.003591993119981554,5.917520197131319e-07,0.4819093449910483,1.2896453760068124e-06
Workflow reversal,Window 8,Discover once,0.2,1,True,True,96,0.5750080256991916,0.0021449018651886836,0.001519097222222222,0.001384830224320982,0.026751302083333334,0.002147095400015959,0.01824067221747504,1.3122090355557908e-05,0.0006013266245524089,3.1337354869637534e-07,0.7214206759134928,0.0006114839815205899
Workflow reversal,Window 8,Repeated discovery,0.2,1,True,True,96,0.5821445571051703,0.002535873388712723,0.00021701388888888888,0.00042534722222222225,0.019759114583333334,0.0025358944252238764,0.01809632831149631,5.506471077741302e-07,0.003594375186496312,5.50647107774013e-07,0.7219064839680991,1.5127498349343524e-06
Workflow reversal,Window 8,Discover once,0.2,3,True,True,96,0.5763236660427518,0.0016681196515942241,0.00021701388888888888,0.00042534722222222214,0.025436197916666667,0.001669447650498971,0.018240136040581598,1.2979211786057832e-05,0.0006021425459120009,3.961652204853277e-07,0.72173464457194,1.5458679252502857e-05
Workflow reversal,Window 8,Repeated discovery,0.2,3,True,True,96,0.5816331058078341,0.002414068252745337,0.0,0.0,0.020286458333333337,0.00241413707740271,0.018080435858832462,6.670207685724038e-07,0.0035784827338324657,6.670207685723238e-07,0.7219267845153806,1.506998556772724e-06
Workflow reversal,Window 8,Discover once,0.2,6,True,True,96,0.5762757375505235,0.001606944236838,0.00021701388888888888,0.00042534722222222214,0.025488281250000005,0.0016090289166775823,0.01823598119947645,1.313590836664307e-05,0.0005975447760687934,4.967585918971943e-07,0.7217366027832028,1.5389845782747286e-05
Workflow reversal,Window 8,Repeated discovery,0.2,6,True,True,96,0.5824763467576769,0.0020806307161167496,0.0,0.0,0.019322916666666665,0.0020797538438007738,0.018200736575656466,7.0512609344387195e-06,0.00352364010281033,6.965530989788919e-07,0.7217784627278646,1.4788714539743456e-05
Workflow reversal,Window 8,Discover once,0.4,1,True,True,96,0.5760552257961696,0.0021925800596711764,0.0013020833333333333,0.0025520833333333333,0.02569010416666666,0.0021943089980794523,0.01825467003716363,1.2822406091733356e-05,0.001210270987616645,2.3481630777104306e-07,0.7217380015055337,1.523848062996177e-05
Workflow reversal,Window 8,Repeated discovery,0.4,1,True,True,96,0.5866025479634602,0.0020730919107113696,0.0,0.0,0.015182291666666667,0.0020731172735294757,0.018215160369873046,5.389605695306123e-07,0.007258129119873047,5.389605695306477e-07,0.7217856343587239,1.5127498349343524e-06
Workflow reversal,Window 8,Discover once,0.4,3,True,True,96,0.5748463280995687,0.0020666010872169792,0.0015190972222222222,0.0025828659497398342,0.02690755208333333,0.0020695785916090377,0.01824611981709798,1.3163841705993643e-05,0.00119616084628635,3.9757243988106703e-07,0.7217314275105794,1.5666167797364394e-05
Workflow reversal,Window 8,Repeated discovery,0.4,3,True,True,96,0.5846605014801026,0.0021211681695185547,0.0,0.0,0.017239583333333332,0.00212111589257906,0.01809991518656413,6.651223822365865e-07,0.0071428839365641275,6.651223822365828e-07,0.7219064839680991,1.5127498349343524e-06
Workflow reversal,Window 8,Discover once,0.4,6,True,True,96,0.5772097216712103,0.0011236252591998812,0.0,0.0,0.024531249999999994,0.0011248687179735415,0.018259028328789603,1.3432517910226362e-05,0.0012021107143825956,5.011267092700799e-07,0.7217230351765949,1.6006080164667312e-05
Workflow reversal,Window 8,Repeated discovery,0.4,6,True,True,96,0.5851754559410943,0.0021917236850472147,0.0,0.0,0.01671875,0.002191722022097949,0.018105794058905708,6.685152684545737e-07,0.007148762808905708,6.685152684545484e-07,0.7219066429138185,1.506998556772724e-06
Workflow reversal,Window 8,Discover once,0.6,1,True,True,96,0.5748508633507624,0.0020824999264355943,0.0010850694444444443,0.0017494024752517847,0.026920572916666666,0.0020841463351646975,0.018228563732571073,1.2453218264833874e-05,0.0018298848470052083,3.002940424421712e-07,0.7214305369059244,0.0006116693002767821
Workflow reversal,Window 8,Repeated discovery,0.6,1,True,True,96,0.5923395845625136,0.0015355717888635388,0.0,0.0,0.009427083333333334,0.00153668479969417,0.0182333321041531,7.316502543646628e-06,0.010966398451063368,5.954689530917592e-07,0.7217344856262207,1.536455040573849e-05
Workflow reversal,Window 8,Discover once,0.6,3,True,True,96,0.57556653658549,0.00192621309435891,0.001736111111111111,0.0021521056298368143,0.026171874999999997,0.0019284025327003182,0.01826158841451009,1.3783728053113033e-05,0.0018005148569742839,3.989291716367432e-07,0.7217263921101887,1.5891791721875977e-05
Workflow reversal,Window 8,Repeated discovery,0.6,3,True,True,96,0.5913267379336887,0.0015265899403484637,0.0,0.0,0.010494791666666668,0.0015266134115469634,0.01817847039964464,1.4333459907221969e-06,0.010768587324354387,6.073216086961747e-07,0.7218260765075684,1.506998556772724e-06
Workflow reversal,Window 8,Discover once,0.6,6,True,True,96,0.5768171003129747,0.0015193677707377063,0.00043402777777777775,0.000598357477881665,0.02493489583333333,0.0015221406217081927,0.01824800385369195,1.3224520675247262e-05,0.001786137686835395,4.972005551191514e-07,0.7217282104492186,1.5845750678631877e-05
Workflow reversal,Window 8,Repeated discovery,0.6,6,True,True,96,0.5901952372656929,0.0015546663281164285,0.0,0.0,0.011562500000000002,0.0015533341686429498,0.018242262734307183,7.412403181150626e-06,0.010653634601169163,6.909301740096391e-07,0.7217314465840655,1.546273607121872e-05
Workflow reversal,Window 8,Biased,0.2,1,True,True,96,0.5630940755208332,0.0027703424657537353,0.010416666666666664,0.004101203586473098,0.038697916666666665,0.002770342465753734,0.018208007812500003,6.976771834167971e-19,0.0,0.0,0.7211669921874999,0.0008616347681495984
Workflow reversal,Window 8,Balanced,0.2,1,True,True,96,0.5770800781250001,0.0011164560552190765,0.00021701388888888888,0.00042534722222222214,0.02455078125,0.0011164560552190733,0.018369140625,0.0,0.0,0.0,0.7216308593749999,2.2325669869337508e-17
Workflow reversal,Window 8,Neyman,0.2,1,True,True,96,0.5770568678114149,0.0010395369651391595,0.00021701388888888888,0.00042534722222222214,0.024733072916666664,0.0010395332041137494,0.0182100592719184,2.487659020569584e-07,0.0,0.0,0.7217917124430336,3.328049636873186e-07
Workflow reversal,Window 8,Successive rejects,0.2,1,True,True,96,0.5793554687499999,0.0011134491582365448,0.00021701388888888888,0.00042534722222222214,0.02259765625,0.0011134491582365398,0.018046874999999997,6.976771834167971e-19,0.0,0.0,0.7219531249999999,2.2325669869337508e-17
Workflow reversal,Window 8,Repeated discovery,0.2,1,True,False,96,0.5818292225731744,0.0027581529270307857,0.00021701388888888888,0.00042534722222222225,0.02007161458333333,0.0027580922447027452,0.018099162843492295,5.514659207057412e-07,0.003597209718492296,5.514659207056838e-07,0.7219021924336753,1.4088978466263385e-06
Workflow reversal,Window 8,Repeated discovery,0.2,1,False,True,96,0.5739151212904187,0.0032492247543502847,0.004557291666666667,0.0034843509612454116,0.02798828125,0.0032492696907007257,0.018096597459581164,5.851627638878461e-07,0.0035946443345811637,5.851627638877527e-07,0.7219058863321942,1.565040834717261e-06
