environment,memory,arm,meta_share,trials,pool,program_memory,n,net,net_ci95,harm,harm_ci95,regret,regret_ci95,expense,expense_ci95,meta_expense,meta_expense_ci95,late_net,late_net_ci95
Stationary harm,Reset,Biased,0.2,1,True,True,128,0.39665527343749996,0.002779493757543028,0.15755208333333334,0.007996983824787227,0.08513671875,0.002779493757543027,0.0182080078125,0.0,0.0,0.0,0.39935058593749995,0.007656484356034272
Stationary harm,Reset,Balanced,0.2,1,True,True,128,0.45224121093749997,0.0012341940553689743,0.00537109375,0.0017684886605817745,0.029389648437500013,0.0012341940553689738,0.018369140625,0.0,0.0,0.0,0.453271484375,0.003167728928870985
Stationary harm,Reset,Neyman,0.2,1,True,True,128,0.45388893365859984,0.0011828888700741373,0.005208333333333333,0.001754157626799482,0.027812500000000007,0.001182905891358243,0.018298566341400146,1.1020310347111114e-06,0.0,0.0,0.45577078819274897,0.003048335107479245
Stationary harm,Reset,Successive rejects,0.2,1,True,True,128,0.4539990234375,0.0012842097901006857,0.005045572916666666,0.0017392478767035168,0.027954101562500007,0.0012842097901006853,0.018046875,0.0,0.0,0.0,0.45669921874999997,0.0032018860965607626
Stationary harm,Reset,Discover once,0.2,1,True,True,128,0.43663917541503905,0.004755851395867031,0.04703776041666667,0.012561908806127155,0.04509277343750001,0.0047632422783164315,0.018268051147460936,9.470781060681387e-06,0.0006011303265889486,2.6106924426797317e-07,0.443085765838623,0.005676698908510759
Stationary harm,Reset,Repeated discovery,0.2,1,True,True,128,0.435221434434255,0.0026051605965697654,0.0498046875,0.007178976259126201,0.046669921875000006,0.002605291160572217,0.018108643690745035,6.69479248926851e-07,0.003606690565745036,6.694792489268633e-07,0.43967402935028066,0.005661536275120592
Stationary harm,Cumulative,Biased,0.2,1,True,True,128,0.4691650390625,0.0026722227012125448,0.010091145833333332,0.0037618229658296387,0.012626953125000003,0.002672222701212544,0.0182080078125,0.0,0.0,0.0,0.4806201171874998,0.0018622017073066687
Stationary harm,Cumulative,Balanced,0.2,1,True,True,128,0.48006835937499986,0.0005010876457668457,0.0,0.0,0.0015625000000000005,0.0005010876457668434,0.018369140625,0.0,0.0,0.0,0.48163085937499983,2.89638106574605e-17
Stationary harm,Cumulative,Neyman,0.2,1,True,True,128,0.4804618215560913,0.0004798310482747651,0.0,0.0,0.0013281250000000003,0.0004798190294872338,0.018210053443908688,2.177345715441519e-07,0.0,0.0,0.4817919397354124,1.0280609130913772e-07
Stationary harm,Cumulative,Successive rejects,0.2,1,True,True,128,0.48058593750000006,0.0005376571819422169,0.0,0.0,0.0013671875000000003,0.0005376571819422162,0.018046875,0.0,0.0,0.0,0.4819531250000002,3.8618414209947337e-17
Stationary harm,Cumulative,Discover once,0.2,1,True,True,128,0.4792825889587402,0.0012429117219260575,0.00016276041666666666,0.0003190104166666666,0.0024755859375000006,0.0012444683838696003,0.018241825103759764,1.139811214880587e-05,0.0006011303265889486,2.6106924426797317e-07,0.4817315673828124,1.356731289477893e-05
Stationary harm,Cumulative,Repeated discovery,0.2,1,True,True,128,0.47999692678451544,0.0007991816850529715,0.00016276041666666666,0.0003190104166666666,0.0019091796875000005,0.0007991694875892802,0.018093893527984618,5.818665961252496e-07,0.0035919404029846197,5.81866596125209e-07,0.4819098615646364,1.0520900838100925e-06
Stationary harm,Window 8,Biased,0.2,1,True,True,128,0.45935546875,0.0028437110144971427,0.01513671875,0.004955608486740547,0.02243652343750001,0.0028437110144971414,0.0182080078125,0.0,0.0,0.0,0.4657080078124999,0.005623012143174048
Stationary harm,Window 8,Balanced,0.2,1,True,True,128,0.47920898437499987,0.0007331035861235494,0.0,0.0,0.002421875000000001,0.0007331035861235471,0.018369140625,0.0,0.0,0.0,0.4797558593749998,0.002163126018804349
Stationary harm,Window 8,Neyman,0.2,1,True,True,128,0.4796218554178874,0.0007052445113388345,0.0,0.0,0.0021679687500000006,0.000705241725129316,0.018210175832112624,2.1450425833578814e-07,0.0,0.0,0.4799168348312376,0.0021133881203314847
Stationary harm,Window 8,Successive rejects,0.2,1,True,True,128,0.4800195312500001,0.0006922285844961851,0.0,0.0,0.0019335937500000004,0.0006922285844961837,0.018046875,0.0,0.0,0.0,0.4806640625000002,0.001845508048253931
Stationary harm,Window 8,Discover once,0.2,1,True,True,128,0.47536657333374027,0.0019407114056675086,0.0030924479166666665,0.002795294577716576,0.006391601562500002,0.0019440410968287797,0.018241825103759764,1.139811214880587e-05,0.0006011303265889486,2.6106924426797317e-07,0.477190499305725,0.002645345551561578
Stationary harm,Window 8,Repeated discovery,0.2,1,True,True,128,0.47790442069371547,0.0011836080838167104,0.00016276041666666666,0.0003190104166666666,0.003999023437500001,0.0011836345332993283,0.018096555868784586,5.166664741735833e-07,0.0035946027437845866,5.166664741735251e-07,0.4796784114837648,0.0018474021469286953
Workflow reversal,Reset,Biased,0.2,1,True,True,128,0.5259521484374999,0.002824676539810669,0.08203125,0.005935692025121685,0.07583984375000001,0.00282467653981067,0.0182080078125,0.0,0.0,0.0,0.6572216796875,0.008195251905884547
Workflow reversal,Reset,Balanced,0.2,1,True,True,128,0.5827978515625,0.0012815946517704716,0.00244140625,0.0011654344594624417,0.018833007812500004,0.0012815946517704723,0.018369140625,0.0,0.0,0.0,0.7123730468750001,0.002973110889363453
Workflow reversal,Reset,Neyman,0.2,1,True,True,128,0.582999165058136,0.001211735033164298,0.00244140625,0.0011654344594624417,0.018696289062500003,0.0012117428869318266,0.018304545879364014,1.0616972746421621e-06,0.0,0.0,0.7110242319107056,0.0031810608770638585
Workflow reversal,Reset,Successive rejects,0.2,1,True,True,128,0.5843505859375,0.0011530923379208437,0.00244140625,0.0011654344594624417,0.017602539062500006,0.0011530923379208437,0.018046875,0.0,0.0,0.0,0.7144531250000001,0.002504848644585831
Workflow reversal,Reset,Discover once,0.2,1,True,True,128,0.5644152927398682,0.005193248235510382,0.027018229166666668,0.007543005276546169,0.03731445312500001,0.005201129592280179,0.018270254135131836,9.47617128821576e-06,0.0006011303265889486,2.6106924426797317e-07,0.6949774122238159,0.006762194305596921
Workflow reversal,Reset,Repeated discovery,0.2,1,True,True,128,0.5628231326738993,0.002525058529061532,0.025227864583333336,0.005216514877656408,0.03906738281250001,0.002525255835010948,0.01810948451360067,5.867686700745988e-07,0.003607531388600667,5.867686700745703e-07,0.6914210891723633,0.006331292504513902
Workflow reversal,Cumulative,Biased,0.2,1,True,True,128,0.47211425781249994,0.0028778553397901478,0.010091145833333332,0.0037618229658296387,0.12967773437500002,0.0028778553397901465,0.0182080078125,0.0,0.0,0.0,0.49808105468749986,0.00972328559850968
Workflow reversal,Cumulative,Balanced,0.2,1,True,True,128,0.48026367187499985,0.0006024324865126867,0.0,0.0,0.12136718750000003,0.0006024324865126851,0.018369140625,0.0,0.0,0.0,0.4828027343749999,0.001890539262388612
Workflow reversal,Cumulative,Neyman,0.2,1,True,True,128,0.48053994655609134,0.0005098641115380998,0.0,0.0,0.12125000000000002,0.0005098536921525381,0.018210053443908688,2.177345715441519e-07,0.0,0.0,0.4822606897354124,0.000918750815248308
Workflow reversal,Cumulative,Successive rejects,0.2,1,True,True,128,0.48285156250000005,0.0013120172689205063,0.0,0.0,0.11910156250000004,0.0013120172689205045,0.018046875,0.0,0.0,0.0,0.49484375000000014,0.006312730509307736
Workflow reversal,Cumulative,Discover once,0.2,1,True,True,128,0.4796341514587402,0.001336751462791163,0.00016276041666666666,0.0003190104166666666,0.12212402343750003,0.0013388721024691255,0.018241825103759764,1.139811214880587e-05,0.0006011303265889486,2.6106924426797317e-07,0.4838409423828124,0.003069797527236814
Workflow reversal,Cumulative,Repeated discovery,0.2,1,True,True,128,0.48347352902094526,0.0023517695968215966,0.00016276041666666666,0.0003190104166666666,0.11843261718750002,0.0023518012731455528,0.01809385379155477,5.86995631776926e-07,0.003591900666554769,5.869956317768921e-07,0.49784748077392593,0.009449911249999679
Workflow reversal,Window 8,Biased,0.2,1,True,True,128,0.5609423828125,0.002909049261949745,0.0126953125,0.004601878550816417,0.040849609375000005,0.0029090492619497426,0.0182080078125,0.0,0.0,0.0,0.7206201171875,0.0015159210584290922
Workflow reversal,Window 8,Balanced,0.2,1,True,True,128,0.5758300781250001,0.0008929614305109198,0.0,0.0,0.025800781250000005,0.0008929614305109183,0.018369140625,0.0,0.0,0.0,0.7216308593750002,1.9309207104973668e-17
Workflow reversal,Window 8,Neyman,0.2,1,True,True,128,0.5760085479418435,0.0008056827651832148,0.0,0.0,0.025781250000000006,0.000805691300653556,0.01821020205815633,2.1540225334140171e-07,0.0,0.0,0.7217917299270629,2.2623226571313315e-07
Workflow reversal,Window 8,Successive rejects,0.2,1,True,True,128,0.5785937499999999,0.000956072231108847,0.0,0.0,0.023359375,0.0009560722311088428,0.018046875,0.0,0.0,0.0,0.7219531250000001,1.9309207104973668e-17
Workflow reversal,Window 8,Discover once,0.2,1,True,True,128,0.5723099239667258,0.0020622771511087847,0.0021158854166666665,0.0024741228420188345,0.029448242187500005,0.0020653500360134844,0.01824183384577433,1.1396958086300275e-05,0.0006011303265889486,2.6106924426797317e-07,0.7205595874786377,0.0015145656376118575
Workflow reversal,Window 8,Repeated discovery,0.2,1,True,True,128,0.5820646166801452,0.0023121225733254975,0.00016276041666666666,0.0003190104166666666,0.019838867187500005,0.0023121466210745917,0.018096516132354735,5.080195116437694e-07,0.0035945630073547364,5.080195116436845e-07,0.7219048547744753,1.333472484347287e-06
Uniform gain,Reset,Biased,0.2,1,True,True,128,0.6616552734375001,0.0029451341438026745,0.0,0.0,0.060136718750000005,0.0029451341438026745,0.0182080078125,0.0,0.0,0.0,0.6572216796875,0.008195251905884547
Uniform gain,Reset,Balanced,0.2,1,True,True,128,0.714111328125,0.0011145131971852008,0.0,0.0,0.00751953125,0.001114513197185205,0.018369140625,0.0,0.0,0.0,0.7123730468750001,0.002973110889363453
Uniform gain,Reset,Neyman,0.2,1,True,True,128,0.7131731764475504,0.001138044026315052,0.0,0.0,0.008515625000000002,0.0011380414463183605,0.018311198552449545,1.038940546247296e-06,0.0,0.0,0.7110242319107056,0.0031810608770638585
Uniform gain,Reset,Successive rejects,0.2,1,True,True,128,0.7161914062499999,0.0009731010578514005,0.0,0.0,0.0057617187499999995,0.000973101057851405,0.018046875,0.0,0.0,0.0,0.7144531250000001,0.002504848644585831
Uniform gain,Reset,Discover once,0.2,1,True,True,128,0.6961542288462321,0.00458329789402985,0.0,0.0,0.025585937500000003,0.00459141334518761,0.018259833653767904,9.706577395717318e-06,0.0006012352307637533,2.560330353155183e-07,0.6907716703414917,0.007632084614802043
Uniform gain,Reset,Repeated discovery,0.2,1,True,True,128,0.6941162141164143,0.002337104767725872,0.0,0.0,0.027773437500000005,0.002337223323128102,0.018110348383585613,6.116949966294511e-07,0.003608395258585612,6.116949966294588e-07,0.6914210891723633,0.006331292504513902
Uniform gain,Cumulative,Biased,0.2,1,True,True,128,0.7183740234374999,0.0012581557244184815,0.0,0.0,0.0034179687500000004,0.0012581557244184822,0.0182080078125,0.0,0.0,0.0,0.7217919921874999,1.9309207104973668e-17
Uniform gain,Cumulative,Balanced,0.2,1,True,True,128,0.7214746093750002,0.00018630442316421445,0.0,0.0,0.00015625,0.00018630442316421576,0.018369140625,0.0,0.0,0.0,0.7216308593750002,1.9309207104973668e-17
Uniform gain,Cumulative,Neyman,0.2,1,True,True,128,0.7215941007932026,0.00025263515179765644,0.0,0.0,0.0001953125,0.000252653509738182,0.018210586706797278,2.0289022139944458e-07,0.0,0.0,0.7217919397354124,1.0280609130913775e-07
Uniform gain,Cumulative,Successive rejects,0.2,1,True,True,128,0.7218359375000001,0.00017065889338815603,0.0,0.0,0.0001171875,0.00017065889338815736,0.018046875,0.0,0.0,0.0,0.7219531250000001,1.9309207104973668e-17
Uniform gain,Cumulative,Discover once,0.2,1,True,True,128,0.7217326450347901,7.667798557363887e-05,0.0,0.0,3.90625e-05,7.65625e-05,0.01822829246520996,1.0516063316639603e-05,0.0006012352307637533,2.560330353155183e-07,0.7217479324340821,1.2491187437781384e-05
Uniform gain,Cumulative,Repeated discovery,0.2,1,True,True,128,0.7218668993314108,7.655417527555606e-05,0.0,0.0,3.90625e-05,7.65625e-05,0.018094038168589274,5.655506674036212e-07,0.0035920850435892746,5.655506674035419e-07,0.7219096231460573,1.0826968657902207e-06
Uniform gain,Window 8,Biased,0.2,1,True,True,128,0.7166162109374998,0.0016486993832237288,0.0,0.0,0.00517578125,0.001648699383223731,0.0182080078125,0.0,0.0,0.0,0.7206201171875,0.0015159210584290922
Uniform gain,Window 8,Balanced,0.2,1,True,True,128,0.7214746093750002,0.00018630442316421445,0.0,0.0,0.00015625,0.00018630442316421576,0.018369140625,0.0,0.0,0.0,0.7216308593750002,1.9309207104973668e-17
Uniform gain,Window 8,Neyman,0.2,1,True,True,128,0.7215939696629842,0.0002526373282334957,0.0,0.0,0.0001953125,0.000252653509738182,0.018210717837015784,2.143101855817971e-07,0.0,0.0,0.7217917299270629,2.262322657131331e-07
Uniform gain,Window 8,Successive rejects,0.2,1,True,True,128,0.7218359375000001,0.00017065889338815603,0.0,0.0,0.0001171875,0.00017065889338815736,0.018046875,0.0,0.0,0.0,0.7219531250000001,1.9309207104973668e-17
Uniform gain,Window 8,Discover once,0.2,1,True,True,128,0.7210099713007609,0.0008024759770180202,0.0,0.0,0.00076171875,0.0008035042465994403,0.018228309949239095,1.0514157495740858e-05,0.0006012352307637533,2.560330353155183e-07,0.7217478275299072,1.2480829784751406e-05
Uniform gain,Window 8,Repeated discovery,0.2,1,True,True,128,0.7218643164634705,7.655299761172829e-05,0.0,0.0,3.90625e-05,7.65625e-05,0.018096621036529544,4.831598816147456e-07,0.0035946679115295413,4.831598816146666e-07,0.7219044971466066,1.3210745538699914e-06
