scenario,policy,mean,ci95_halfwidth,difference_vs_dense,paired_ci95_halfwidth
Stationary,Fixed sparse,0.8608919140625,0.001616587823800619,0.061133906250000036,0.0013922366737494519
Stationary,Fixed dense,0.7997580078125001,0.000793610806532896,0.0,0.0
Stationary,Periodic dense,0.851870234375,0.0008532434402932183,0.05211222656250004,0.0002663723078934085
Stationary,Adaptive audit,0.8656304101562501,0.0008907259344373409,0.06587240234375004,0.0003020852502917844
Stationary,No audit,0.87975830078125,0.0007911348679996457,0.08000029296874998,0.00014843382324714773
Stationary,Fixed 0.05,0.86394908203125,0.0012634657807429294,0.06419107421875003,0.0008541407312722451
Stationary,Fixed 0.10,0.85841173828125,0.0009049223987723576,0.05865373046874999,0.0003501822087938455
Stationary,Fixed 0.20,0.8396151171874999,0.0008165021023935603,0.039857109375000005,0.0001614934443839184
Stationary,Fixed 0.60,0.7598015625000001,0.0007917353498310842,-0.0399564453125,0.00012659824859015783
Regime shifts,Fixed sparse,0.6386240234375,0.002882080741380242,0.028669042968750055,0.00274175959854162
Regime shifts,Fixed dense,0.60995498046875,0.0011042553814856488,0.0,0.0
Regime shifts,Periodic dense,0.6587677929687501,0.001446499784222942,0.048812812500000045,0.0011774052955544477
Regime shifts,Adaptive audit,0.668454658203125,0.001718205197008606,0.05849967773437505,0.0013610286666857463
Regime shifts,No audit,0.5638925781249999,0.001388586135066852,-0.046062402343749975,0.0014360653094243048
Regime shifts,Fixed 0.05,0.65378666015625,0.002311594942853106,0.04383167968750002,0.0021219479937644218
Regime shifts,Fixed 0.10,0.6598815820312498,0.0016847464690527992,0.04992660156249999,0.0014362431123130133
Regime shifts,Fixed 0.20,0.6480062890625,0.0013269600988820996,0.038051308593750006,0.0008116543612725657
Regime shifts,Fixed 0.60,0.5703671484375,0.0010492141873671423,-0.03958783203125,0.0004219632043553459
