module,x,parameter,y
ensemble,1.0,0,1.0
ensemble,2.0,0,0.5
ensemble,3.0,0,0.3333333333333333
ensemble,4.0,0,0.25
ensemble,5.0,0,0.2
ensemble,6.0,0,0.16666666666666666
ensemble,7.0,0,0.14285714285714285
ensemble,8.0,0,0.125
ensemble,9.0,0,0.1111111111111111
ensemble,10.0,0,0.1
ensemble,11.0,0,0.09090909090909091
ensemble,12.0,0,0.08333333333333333
ensemble,1.0,0.3,1.0
ensemble,2.0,0.3,0.6499999999999999
ensemble,3.0,0.3,0.5333333333333333
ensemble,4.0,0.3,0.475
ensemble,5.0,0.3,0.43999999999999995
ensemble,6.0,0.3,0.41666666666666663
ensemble,7.0,0.3,0.39999999999999997
ensemble,8.0,0.3,0.38749999999999996
ensemble,9.0,0.3,0.37777777777777777
ensemble,10.0,0.3,0.37
ensemble,11.0,0.3,0.36363636363636365
ensemble,12.0,0.3,0.35833333333333334
ensemble,1.0,0.7,1.0
ensemble,2.0,0.7,0.85
ensemble,3.0,0.7,0.7999999999999999
ensemble,4.0,0.7,0.7749999999999999
ensemble,5.0,0.7,0.76
ensemble,6.0,0.7,0.75
ensemble,7.0,0.7,0.7428571428571428
ensemble,8.0,0.7,0.7374999999999999
ensemble,9.0,0.7,0.7333333333333333
ensemble,10.0,0.7,0.73
ensemble,11.0,0.7,0.7272727272727272
ensemble,12.0,0.7,0.725
private_equal,0.0,0.64,0.41000000000000003
private_optimal,0.0,0.64,0.3902439024390244
evidence_reuse,0.0,0.64,0.41000000000000003
evidence_reuse,0.01,0.64,0.40824099999999997
evidence_reuse,0.02,0.64,0.406564
evidence_reuse,0.03,0.64,0.404969
evidence_reuse,0.04,0.64,0.40345600000000004
evidence_reuse,0.05,0.64,0.40202499999999997
evidence_reuse,0.06,0.64,0.40067600000000003
evidence_reuse,0.07,0.64,0.399409
evidence_reuse,0.08,0.64,0.398224
evidence_reuse,0.09,0.64,0.39712100000000006
evidence_reuse,0.1,0.64,0.3961
evidence_reuse,0.11,0.64,0.39516100000000004
evidence_reuse,0.12,0.64,0.394304
evidence_reuse,0.13,0.64,0.39352899999999996
evidence_reuse,0.14,0.64,0.3928360000000001
evidence_reuse,0.15,0.64,0.39222499999999993
evidence_reuse,0.16,0.64,0.39169599999999993
evidence_reuse,0.17,0.64,0.39124899999999996
evidence_reuse,0.18,0.64,0.390884
evidence_reuse,0.19,0.64,0.39060100000000003
evidence_reuse,0.2,0.64,0.3904
evidence_reuse,0.21,0.64,0.390281
evidence_reuse,0.22,0.64,0.39024400000000004
evidence_reuse,0.23,0.64,0.390289
evidence_reuse,0.24,0.64,0.390416
evidence_reuse,0.25,0.64,0.390625
evidence_reuse,0.26,0.64,0.39091600000000004
evidence_reuse,0.27,0.64,0.391289
evidence_reuse,0.28,0.64,0.39174400000000004
evidence_reuse,0.29,0.64,0.39228100000000005
evidence_reuse,0.3,0.64,0.3929
evidence_reuse,0.31,0.64,0.39360100000000003
evidence_reuse,0.32,0.64,0.394384
evidence_reuse,0.33,0.64,0.395249
evidence_reuse,0.34,0.64,0.396196
evidence_reuse,0.35000000000000003,0.64,0.397225
evidence_reuse,0.36,0.64,0.39833599999999997
evidence_reuse,0.37,0.64,0.3995290000000001
evidence_reuse,0.38,0.64,0.400804
evidence_reuse,0.39,0.64,0.4021610000000001
evidence_reuse,0.4,0.64,0.40359999999999996
evidence_reuse,0.41000000000000003,0.64,0.40512100000000006
evidence_reuse,0.42,0.64,0.40672400000000003
evidence_reuse,0.43,0.64,0.408409
evidence_reuse,0.44,0.64,0.41017600000000004
evidence_reuse,0.45,0.64,0.41202500000000003
evidence_reuse,0.46,0.64,0.413956
evidence_reuse,0.47000000000000003,0.64,0.41596900000000003
evidence_reuse,0.48,0.64,0.418064
evidence_reuse,0.49,0.64,0.420241
evidence_reuse,0.5,0.64,0.4225
evidence_reuse,0.51,0.64,0.424841
evidence_reuse,0.52,0.64,0.427264
evidence_reuse,0.53,0.64,0.42976899999999996
evidence_reuse,0.54,0.64,0.432356
evidence_reuse,0.55,0.64,0.43502500000000005
evidence_reuse,0.56,0.64,0.43777600000000005
evidence_reuse,0.5700000000000001,0.64,0.44060900000000003
evidence_reuse,0.58,0.64,0.4435240000000001
evidence_reuse,0.59,0.64,0.44652099999999995
evidence_reuse,0.6,0.64,0.4496000000000001
evidence_reuse,0.61,0.64,0.45276099999999997
evidence_reuse,0.62,0.64,0.45600400000000013
evidence_reuse,0.63,0.64,0.459329
evidence_reuse,0.64,0.64,0.46273600000000004
evidence_reuse,0.65,0.64,0.466225
evidence_reuse,0.66,0.64,0.46979600000000005
evidence_reuse,0.67,0.64,0.473449
evidence_reuse,0.68,0.64,0.4771840000000001
evidence_reuse,0.6900000000000001,0.64,0.4810009999999999
evidence_reuse,0.7000000000000001,0.64,0.48490000000000005
evidence_reuse,0.71,0.64,0.48888099999999995
evidence_reuse,0.72,0.64,0.492944
evidence_reuse,0.73,0.64,0.497089
evidence_reuse,0.74,0.64,0.501316
evidence_reuse,0.75,0.64,0.505625
evidence_reuse,0.76,0.64,0.510016
evidence_reuse,0.77,0.64,0.5144890000000001
evidence_reuse,0.78,0.64,0.5190440000000001
evidence_reuse,0.79,0.64,0.523681
evidence_reuse,0.8,0.64,0.5284000000000001
evidence_reuse,0.81,0.64,0.5332009999999999
evidence_reuse,0.8200000000000001,0.64,0.538084
evidence_reuse,0.8300000000000001,0.64,0.5430490000000001
evidence_reuse,0.84,0.64,0.5480959999999998
evidence_reuse,0.85,0.64,0.5532250000000001
evidence_reuse,0.86,0.64,0.5584359999999999
evidence_reuse,0.87,0.64,0.5637290000000001
evidence_reuse,0.88,0.64,0.569104
evidence_reuse,0.89,0.64,0.574561
evidence_reuse,0.9,0.64,0.5801
evidence_reuse,0.91,0.64,0.585721
evidence_reuse,0.92,0.64,0.5914240000000001
evidence_reuse,0.93,0.64,0.5972090000000002
evidence_reuse,0.9400000000000001,0.64,0.603076
evidence_reuse,0.9500000000000001,0.64,0.6090250000000001
evidence_reuse,0.96,0.64,0.6150559999999999
evidence_reuse,0.97,0.64,0.6211690000000001
evidence_reuse,0.98,0.64,0.627364
evidence_reuse,0.99,0.64,0.6336410000000001
evidence_reuse,1.0,0.64,0.64
breadth,0.0,1,-0.44999999999999996
breadth,0.012,1,-0.43799999999999994
breadth,0.024,1,-0.42599999999999993
breadth,0.036000000000000004,1,-0.4139999999999999
breadth,0.048,1,-0.40199999999999997
breadth,0.06,1,-0.38999999999999996
breadth,0.07200000000000001,1,-0.37799999999999995
breadth,0.084,1,-0.36599999999999994
breadth,0.096,1,-0.354
breadth,0.108,1,-0.34199999999999997
breadth,0.12,1,-0.32999999999999996
breadth,0.132,1,-0.31799999999999995
breadth,0.14400000000000002,1,-0.30599999999999994
breadth,0.156,1,-0.29399999999999993
breadth,0.168,1,-0.2819999999999999
breadth,0.18,1,-0.26999999999999996
breadth,0.192,1,-0.25799999999999995
breadth,0.20400000000000001,1,-0.24599999999999994
breadth,0.216,1,-0.23399999999999996
breadth,0.228,1,-0.22199999999999995
breadth,0.24,1,-0.20999999999999996
breadth,0.252,1,-0.19799999999999995
breadth,0.264,1,-0.18599999999999994
breadth,0.276,1,-0.17399999999999993
breadth,0.28800000000000003,1,-0.16199999999999992
breadth,0.3,1,-0.14999999999999997
breadth,0.312,1,-0.13799999999999996
breadth,0.324,1,-0.12599999999999995
breadth,0.336,1,-0.11399999999999993
breadth,0.34800000000000003,1,-0.10199999999999992
breadth,0.36,1,-0.08999999999999997
breadth,0.372,1,-0.07799999999999996
breadth,0.384,1,-0.06599999999999995
breadth,0.396,1,-0.05399999999999994
breadth,0.40800000000000003,1,-0.041999999999999926
breadth,0.42,1,-0.02999999999999997
breadth,0.432,1,-0.01799999999999996
breadth,0.444,1,-0.00599999999999995
breadth,0.456,1,0.006000000000000061
breadth,0.468,1,0.01800000000000007
breadth,0.48,1,0.030000000000000027
breadth,0.492,1,0.04200000000000004
breadth,0.504,1,0.05400000000000005
breadth,0.516,1,0.06600000000000006
breadth,0.528,1,0.07800000000000007
breadth,0.54,1,0.09000000000000008
breadth,0.552,1,0.10200000000000009
breadth,0.5640000000000001,1,0.1140000000000001
breadth,0.5760000000000001,1,0.1260000000000001
breadth,0.588,1,0.138
breadth,0.6,1,0.15000000000000002
breadth,0.612,1,0.16200000000000003
breadth,0.624,1,0.17400000000000004
breadth,0.636,1,0.18600000000000005
breadth,0.648,1,0.19800000000000006
breadth,0.66,1,0.21000000000000008
breadth,0.672,1,0.2220000000000001
breadth,0.684,1,0.2340000000000001
breadth,0.6960000000000001,1,0.2460000000000001
breadth,0.708,1,0.258
breadth,0.72,1,0.27
breadth,0.732,1,0.28200000000000003
breadth,0.744,1,0.29400000000000004
breadth,0.756,1,0.30600000000000005
breadth,0.768,1,0.31800000000000006
breadth,0.78,1,0.33000000000000007
breadth,0.792,1,0.3420000000000001
breadth,0.804,1,0.3540000000000001
breadth,0.8160000000000001,1,0.3660000000000001
breadth,0.8280000000000001,1,0.3780000000000001
breadth,0.84,1,0.39
breadth,0.852,1,0.402
breadth,0.864,1,0.41400000000000003
breadth,0.876,1,0.42600000000000005
breadth,0.888,1,0.43800000000000006
breadth,0.9,1,0.45000000000000007
breadth,0.912,1,0.4620000000000001
breadth,0.924,1,0.4740000000000001
breadth,0.936,1,0.4860000000000001
breadth,0.9480000000000001,1,0.4980000000000001
breadth,0.96,1,0.51
breadth,0.972,1,0.522
breadth,0.984,1,0.534
breadth,0.996,1,0.546
breadth,1.008,1,0.558
breadth,1.02,1,0.5700000000000001
breadth,1.032,1,0.5820000000000001
breadth,1.044,1,0.5940000000000001
breadth,1.056,1,0.6060000000000001
breadth,1.068,1,0.6180000000000001
breadth,1.08,1,0.6300000000000001
breadth,1.092,1,0.6420000000000001
breadth,1.104,1,0.6540000000000001
breadth,1.116,1,0.6660000000000001
breadth,1.1280000000000001,1,0.6780000000000002
breadth,1.1400000000000001,1,0.6900000000000002
breadth,1.1520000000000001,1,0.7020000000000002
breadth,1.164,1,0.714
breadth,1.176,1,0.726
breadth,1.188,1,0.738
breadth,1.2,1,0.75
breadth,0.0,2,-0.55
breadth,0.012,2,-0.526
breadth,0.024,2,-0.502
breadth,0.036000000000000004,2,-0.47800000000000004
breadth,0.048,2,-0.45400000000000007
breadth,0.06,2,-0.43000000000000005
breadth,0.07200000000000001,2,-0.406
breadth,0.084,2,-0.382
breadth,0.096,2,-0.35800000000000004
breadth,0.108,2,-0.3340000000000001
breadth,0.12,2,-0.31000000000000005
breadth,0.132,2,-0.28600000000000003
breadth,0.14400000000000002,2,-0.262
breadth,0.156,2,-0.23800000000000004
breadth,0.168,2,-0.21400000000000002
breadth,0.18,2,-0.19000000000000006
breadth,0.192,2,-0.16600000000000004
breadth,0.20400000000000001,2,-0.14200000000000002
breadth,0.216,2,-0.11800000000000005
breadth,0.228,2,-0.09400000000000003
breadth,0.24,2,-0.07000000000000006
breadth,0.252,2,-0.04600000000000004
breadth,0.264,2,-0.02200000000000002
breadth,0.276,2,0.0020000000000000018
breadth,0.28800000000000003,2,0.026000000000000023
breadth,0.3,2,0.04999999999999993
breadth,0.312,2,0.07399999999999995
breadth,0.324,2,0.09799999999999998
breadth,0.336,2,0.122
breadth,0.34800000000000003,2,0.14600000000000002
breadth,0.36,2,0.16999999999999993
breadth,0.372,2,0.19399999999999995
breadth,0.384,2,0.21799999999999997
breadth,0.396,2,0.242
breadth,0.40800000000000003,2,0.266
breadth,0.42,2,0.2899999999999999
breadth,0.432,2,0.31399999999999995
breadth,0.444,2,0.33799999999999997
breadth,0.456,2,0.362
breadth,0.468,2,0.386
breadth,0.48,2,0.4099999999999999
breadth,0.492,2,0.43399999999999994
breadth,0.504,2,0.45799999999999996
breadth,0.516,2,0.482
breadth,0.528,2,0.506
breadth,0.54,2,0.53
breadth,0.552,2,0.554
breadth,0.5640000000000001,2,0.5780000000000001
breadth,0.5760000000000001,2,0.6020000000000001
breadth,0.588,2,0.6259999999999999
breadth,0.6,2,0.6499999999999999
breadth,0.612,2,0.6739999999999999
breadth,0.624,2,0.698
breadth,0.636,2,0.722
breadth,0.648,2,0.746
breadth,0.66,2,0.77
breadth,0.672,2,0.794
breadth,0.684,2,0.8180000000000001
breadth,0.6960000000000001,2,0.8420000000000001
breadth,0.708,2,0.8659999999999999
breadth,0.72,2,0.8899999999999999
breadth,0.732,2,0.9139999999999999
breadth,0.744,2,0.938
breadth,0.756,2,0.962
breadth,0.768,2,0.986
breadth,0.78,2,1.01
breadth,0.792,2,1.034
breadth,0.804,2,1.058
breadth,0.8160000000000001,2,1.082
breadth,0.8280000000000001,2,1.106
breadth,0.84,2,1.13
breadth,0.852,2,1.154
breadth,0.864,2,1.178
breadth,0.876,2,1.202
breadth,0.888,2,1.226
breadth,0.9,2,1.25
breadth,0.912,2,1.274
breadth,0.924,2,1.298
breadth,0.936,2,1.322
breadth,0.9480000000000001,2,1.346
breadth,0.96,2,1.3699999999999999
breadth,0.972,2,1.394
breadth,0.984,2,1.418
breadth,0.996,2,1.442
breadth,1.008,2,1.466
breadth,1.02,2,1.49
breadth,1.032,2,1.514
breadth,1.044,2,1.538
breadth,1.056,2,1.562
breadth,1.068,2,1.586
breadth,1.08,2,1.61
breadth,1.092,2,1.6340000000000001
breadth,1.104,2,1.6580000000000001
breadth,1.116,2,1.6820000000000002
breadth,1.1280000000000001,2,1.7060000000000002
breadth,1.1400000000000001,2,1.7300000000000002
breadth,1.1520000000000001,2,1.7540000000000002
breadth,1.164,2,1.7779999999999998
breadth,1.176,2,1.8019999999999998
breadth,1.188,2,1.8259999999999998
breadth,1.2,2,1.8499999999999999
breadth,0.0,3,-0.65
breadth,0.012,3,-0.614
breadth,0.024,3,-0.5780000000000001
breadth,0.036000000000000004,3,-0.542
breadth,0.048,3,-0.506
breadth,0.06,3,-0.47000000000000003
breadth,0.07200000000000001,3,-0.434
breadth,0.084,3,-0.398
breadth,0.096,3,-0.362
breadth,0.108,3,-0.326
breadth,0.12,3,-0.29000000000000004
breadth,0.132,3,-0.254
breadth,0.14400000000000002,3,-0.21799999999999997
breadth,0.156,3,-0.18200000000000005
breadth,0.168,3,-0.14600000000000002
breadth,0.18,3,-0.10999999999999999
breadth,0.192,3,-0.07399999999999995
breadth,0.20400000000000001,3,-0.03799999999999992
breadth,0.216,3,-0.0020000000000000018
breadth,0.228,3,0.03400000000000003
breadth,0.24,3,0.06999999999999995
breadth,0.252,3,0.10599999999999998
breadth,0.264,3,0.14200000000000002
breadth,0.276,3,0.17800000000000005
breadth,0.28800000000000003,3,0.21400000000000008
breadth,0.3,3,0.2499999999999999
breadth,0.312,3,0.2859999999999999
breadth,0.324,3,0.32199999999999995
breadth,0.336,3,0.358
breadth,0.34800000000000003,3,0.394
breadth,0.36,3,0.43000000000000005
breadth,0.372,3,0.4660000000000001
breadth,0.384,3,0.5020000000000001
breadth,0.396,3,0.5380000000000001
breadth,0.40800000000000003,3,0.5740000000000002
breadth,0.42,3,0.61
breadth,0.432,3,0.646
breadth,0.444,3,0.682
breadth,0.456,3,0.7180000000000001
breadth,0.468,3,0.7540000000000001
breadth,0.48,3,0.7899999999999999
breadth,0.492,3,0.826
breadth,0.504,3,0.862
breadth,0.516,3,0.898
breadth,0.528,3,0.934
breadth,0.54,3,0.9700000000000001
breadth,0.552,3,1.0060000000000002
breadth,0.5640000000000001,3,1.0420000000000003
breadth,0.5760000000000001,3,1.0780000000000003
breadth,0.588,3,1.1139999999999999
breadth,0.6,3,1.15
breadth,0.612,3,1.186
breadth,0.624,3,1.222
breadth,0.636,3,1.258
breadth,0.648,3,1.294
breadth,0.66,3,1.33
breadth,0.672,3,1.366
breadth,0.684,3,1.4020000000000001
breadth,0.6960000000000001,3,1.4380000000000002
breadth,0.708,3,1.4739999999999998
breadth,0.72,3,1.5100000000000002
breadth,0.732,3,1.5459999999999998
breadth,0.744,3,1.5820000000000003
breadth,0.756,3,1.6179999999999999
breadth,0.768,3,1.6540000000000004
breadth,0.78,3,1.69
breadth,0.792,3,1.7260000000000004
breadth,0.804,3,1.762
breadth,0.8160000000000001,3,1.7980000000000005
breadth,0.8280000000000001,3,1.834
breadth,0.84,3,1.87
breadth,0.852,3,1.9060000000000001
breadth,0.864,3,1.9420000000000002
breadth,0.876,3,1.9780000000000002
breadth,0.888,3,2.0140000000000002
breadth,0.9,3,2.0500000000000003
breadth,0.912,3,2.0860000000000003
breadth,0.924,3,2.1220000000000003
breadth,0.936,3,2.1580000000000004
breadth,0.9480000000000001,3,2.1940000000000004
breadth,0.96,3,2.23
breadth,0.972,3,2.266
breadth,0.984,3,2.302
breadth,0.996,3,2.338
breadth,1.008,3,2.374
breadth,1.02,3,2.41
breadth,1.032,3,2.446
breadth,1.044,3,2.482
breadth,1.056,3,2.5180000000000002
breadth,1.068,3,2.5540000000000003
breadth,1.08,3,2.5900000000000003
breadth,1.092,3,2.6260000000000003
breadth,1.104,3,2.6620000000000004
breadth,1.116,3,2.6980000000000004
breadth,1.1280000000000001,3,2.7340000000000004
breadth,1.1400000000000001,3,2.7700000000000005
breadth,1.1520000000000001,3,2.8060000000000005
breadth,1.164,3,2.842
breadth,1.176,3,2.8779999999999997
breadth,1.188,3,2.914
breadth,1.2,3,2.9499999999999997
