scenario,comparator,n,difference,ci95_low,ci95_high,ci95_halfwidth
Stationary,Fixed sparse,400,0.0047384960937500034,0.003451584177705358,0.006025408009794649,0.0012869119160446455
Stationary,Fixed dense,400,0.06587240234375004,0.06557031709345826,0.06617448759404182,0.0003020852502917844
Stationary,Periodic dense,400,0.01376017578125,0.013416527189435024,0.014103824373064976,0.00034364859181497506
Stationary,Adaptive audit,400,0.0,0.0,0.0,0.0
Stationary,No audit,400,-0.014127890624999962,-0.014400541502833732,-0.013855239747166192,0.0002726508778337701
Stationary,Fixed 0.05,400,0.001681328125000002,0.0008788695158159275,0.0024837867341840764,0.0008024586091840745
Stationary,Fixed 0.10,400,0.007218671875000051,0.006822092663110281,0.007615251086889821,0.00039657921188977015
Stationary,Fixed 0.20,400,0.026015292968750034,0.025702069971986808,0.02632851596551326,0.0003132229967632273
Stationary,Fixed 0.60,400,0.10582884765625006,0.10552515264148346,0.10613254267101666,0.00030369501476659646
Regime shifts,Fixed sparse,400,0.029830634765624992,0.02727548541920089,0.03238578411204909,0.0025551493464241
Regime shifts,Fixed dense,400,0.05849967773437505,0.0571386490676893,0.059860706401060795,0.0013610286666857463
Regime shifts,Periodic dense,400,0.009686865234375001,0.008034211583519704,0.011339518885230299,0.0016526536508552972
Regime shifts,Adaptive audit,400,0.0,0.0,0.0,0.0
Regime shifts,No audit,400,0.10456208007812501,0.10263153586437455,0.10649262429187546,0.0019305442137504479
Regime shifts,Fixed 0.05,400,0.014667998046875021,0.012417786256734668,0.016918209837015374,0.0022502117901403535
Regime shifts,Fixed 0.10,400,0.00857307617187505,0.006761819251023815,0.010384333092726284,0.001811256920851235
Regime shifts,Fixed 0.20,400,0.02044836914062504,0.018981156276800804,0.021915582004449277,0.0014672128638242373
Regime shifts,Fixed 0.60,400,0.09808750976562504,0.09670613433038998,0.0994688852008601,0.0013813754352350566
