policy,window,phase,true_p,posterior_mean,posterior_ci95_halfwidth,B_share,B_ci95_halfwidth
Fixed 0.10,6,0,0.04,0.19425014560841447,0.003854857243090216,0.7941666666666666,0.02268626492870544
Fixed 0.10,6,1,0.04,0.17189020973329988,0.0035766773551475215,0.6841666666666666,0.02444083307925571
Fixed 0.10,6,2,0.04,0.14957605012531167,0.0034095652506160585,0.5341666666666667,0.02876455949162213
Fixed 0.10,6,3,0.04,0.1273657081846688,0.003066790343118474,0.3733333333333333,0.028852277449354275
Fixed 0.10,6,4,0.04,0.10548637829364058,0.002601673157173414,0.21416666666666664,0.023430445316457955
Fixed 0.10,6,5,0.04,0.0838369987275411,0.0022306696967481225,0.0875,0.01586493364266994
Fixed 0.10,6,6,0.04,0.06215534293261636,0.001757982784406097,0.010833333333333332,0.005708746607446246
Fixed 0.10,6,7,0.04,0.0620702988649518,0.0017005368703889774,0.013333333333333332,0.006695475442524727
Fixed 0.10,6,8,0.04,0.06204148104992676,0.0017537305541492794,0.016666666666666666,0.006947035809081691
Fixed 0.10,6,9,0.04,0.061428664772042174,0.0017681434826498533,0.024999999999999994,0.009190064549945271
Fixed 0.10,6,10,0.25,0.061385238569485245,0.0016808697218687024,0.02083333333333333,0.007658387124954392
Fixed 0.10,6,11,0.25,0.08390835445633775,0.002005581320854558,0.08833333333333332,0.01387669316030756
Fixed 0.10,6,12,0.25,0.10687346100401736,0.0024021371462251886,0.2383333333333333,0.022151980500382706
Fixed 0.10,6,13,0.25,0.13063444186522094,0.0027449868940853097,0.4066666666666666,0.025434543483880127
Fixed 0.10,6,14,0.25,0.15412906481705943,0.002936430695903726,0.5691666666666667,0.0264309632434912
Fixed 0.10,6,15,0.25,0.17774582128546865,0.0032900177522223184,0.7158333333333334,0.023930888650496387
Fixed 0.10,6,16,0.25,0.19994267828316153,0.0034607546681941575,0.8158333333333334,0.021020125290421413
Fixed 0.10,6,17,0.25,0.199120255379434,0.0035223837261012547,0.7958333333333334,0.02152927382636923
Fixed 0.10,6,18,0.25,0.1974277353539462,0.0035097277886851483,0.7858333333333334,0.022014480666536485
Fixed 0.10,6,19,0.25,0.19520712515317606,0.0035259588995647335,0.7908333333333334,0.02257014613091246
Fixed 0.10,12,0,0.04,0.18934478703243407,0.002872876165545311,0.8291666666666667,0.020768616399165312
Fixed 0.10,12,1,0.04,0.1902556871382692,0.0029094041419271324,0.8208333333333333,0.020703966852741514
Fixed 0.10,12,2,0.04,0.1904376128507128,0.0027841944022471135,0.8316666666666666,0.02005302796998338
Fixed 0.10,12,3,0.04,0.1765300983332454,0.002719371433182924,0.7566666666666666,0.02481560539976375
Fixed 0.10,12,4,0.04,0.1625511940343025,0.0026454712889536773,0.6641666666666667,0.02583590693399745
Fixed 0.10,12,5,0.04,0.148344722235609,0.0026487240113384296,0.5525,0.02850989728917695
Fixed 0.10,12,6,0.04,0.1344905021005957,0.0026193870541990237,0.43,0.03022470692975188
Fixed 0.10,12,7,0.04,0.12075925527866962,0.002382648883896647,0.29333333333333333,0.027029038709444925
Fixed 0.10,12,8,0.04,0.10673653949385944,0.002302924648449622,0.18916666666666665,0.02241279035311352
Fixed 0.10,12,9,0.04,0.09297096951527896,0.002065893244697081,0.10333333333333332,0.017720616087085195
Fixed 0.10,12,10,0.25,0.07984517342529168,0.0018916064190952818,0.049166666666666664,0.011531405179594062
Fixed 0.10,12,11,0.25,0.0803549836962179,0.0018429485393271496,0.045,0.01151104244927988
Fixed 0.10,12,12,0.25,0.0812716326445735,0.0018718450255050508,0.05083333333333333,0.012076546988192122
Fixed 0.10,12,13,0.25,0.09556767698097512,0.0020218376826036813,0.13333333333333333,0.018525428824217843
Fixed 0.10,12,14,0.25,0.10985607017278783,0.0021742374887124077,0.2225,0.022364888205748116
Fixed 0.10,12,15,0.25,0.1238859403477007,0.002367057223529919,0.325,0.026880829714534857
Fixed 0.10,12,16,0.25,0.13740251818795154,0.002460047254240481,0.44666666666666666,0.027080571718499254
Fixed 0.10,12,17,0.25,0.15032070794836985,0.002546303160354153,0.5583333333333332,0.026780900633647516
Fixed 0.10,12,18,0.25,0.16322461628844004,0.002638804177861497,0.6608333333333333,0.0242182232931145
Fixed 0.10,12,19,0.25,0.1763886143142087,0.0027511653683062118,0.7491666666666668,0.023386920877241826
Fixed 0.10,24,0,0.04,0.15423544937684336,0.002384101672478513,0.6366666666666666,0.0306125354310366
Fixed 0.10,24,1,0.04,0.14655853404301186,0.0023037716616733815,0.5558333333333334,0.03293457560437191
Fixed 0.10,24,2,0.04,0.13919587457359422,0.0021467092043120682,0.4658333333333334,0.03160689227538274
Fixed 0.10,24,3,0.04,0.131484130104306,0.002032357629359256,0.3633333333333333,0.029813856157562175
Fixed 0.10,24,4,0.04,0.12394608859418038,0.0019085270011414436,0.2866666666666667,0.027899843202031333
Fixed 0.10,24,5,0.04,0.12403172389312925,0.0019355603907417218,0.2891666666666666,0.02896704754825314
Fixed 0.10,24,6,0.04,0.12425826683138771,0.001961483552586166,0.2875,0.02816549708651799
Fixed 0.10,24,7,0.04,0.12447329090431986,0.0019635166709774535,0.295,0.02833372588160427
Fixed 0.10,24,8,0.04,0.12446309629785929,0.0019491919280081884,0.3,0.027788143236326765
Fixed 0.10,24,9,0.04,0.12395722834084172,0.0019122020975923088,0.2925,0.02831361014182016
Fixed 0.10,24,10,0.25,0.12396905970727168,0.0019088320476962279,0.30166666666666664,0.028017797247298575
Fixed 0.10,24,11,0.25,0.1317322847367528,0.0020314150514817563,0.3875,0.030802660283061258
Fixed 0.10,24,12,0.25,0.13962251143861049,0.002165429079465225,0.4933333333333333,0.03008956813503251
Fixed 0.10,24,13,0.25,0.1480777366125176,0.002293050967563144,0.5758333333333333,0.03070326988589666
Fixed 0.10,24,14,0.25,0.15607963504109323,0.0023266429738630304,0.6633333333333334,0.02891910819055681
Fixed 0.10,24,15,0.25,0.15625082783537175,0.0024163010216008635,0.6591666666666666,0.030920813381402245
Fixed 0.10,24,16,0.25,0.15599891170110589,0.002379146491356843,0.6541666666666667,0.03132056967663245
Fixed 0.10,24,17,0.25,0.15528135026817802,0.0024009568893863745,0.6291666666666667,0.030142762399451607
Fixed 0.10,24,18,0.25,0.15472174391330676,0.0024519001622420023,0.6266666666666667,0.030125189750601924
Fixed 0.10,24,19,0.25,0.1544268882971154,0.0024447288483578564,0.6241666666666666,0.031067872871099255
Adaptive audit,6,0,0.04,0.21672014370184123,0.003360615649758389,0.9116666666666667,0.015518502492121783
Adaptive audit,6,1,0.04,0.1839158566112507,0.004157125831283562,0.7041666666666666,0.026447188825309692
Adaptive audit,6,2,0.04,0.15329479427913772,0.0041806325297307646,0.48,0.027842123307363312
Adaptive audit,6,3,0.04,0.1271709658280222,0.0038755380475394394,0.3083333333333333,0.02607067446388135
Adaptive audit,6,4,0.04,0.10341492488159783,0.0034477326367749407,0.18166666666666664,0.020212836803278195
Adaptive audit,6,5,0.04,0.07895962379104696,0.0027927472573887548,0.08416666666666667,0.015533612804007804
Adaptive audit,6,6,0.04,0.051818069717476704,0.0012492024984782344,0.006666666666666666,0.004537784788558144
Adaptive audit,6,7,0.04,0.05272590865681078,0.0012403591355775309,0.0008333333333333333,0.0016333333333333334
Adaptive audit,6,8,0.04,0.055339980172824974,0.0012773347001578548,0.0016666666666666666,0.002304071118388702
Adaptive audit,6,9,0.04,0.05836555640209681,0.0013415355669830484,0.005,0.003950251778333604
Adaptive audit,6,10,0.25,0.06010649299846379,0.0013702464479227263,0.005833333333333333,0.004255748567318097
Adaptive audit,6,11,0.25,0.09116524713841041,0.003060274198058549,0.19416666666666665,0.021446922133763747
Adaptive audit,6,12,0.25,0.12475441223558724,0.003714156552932131,0.4075,0.02403151185955064
Adaptive audit,6,13,0.25,0.15217322415055642,0.004122715307060961,0.5708333333333333,0.02603851622484494
Adaptive audit,6,14,0.25,0.1751405269517469,0.003899410925777168,0.6916666666666668,0.024148653253056335
Adaptive audit,6,15,0.25,0.19545892550570407,0.0037306286114061784,0.7875,0.020833065324909278
Adaptive audit,6,16,0.25,0.2190481672832371,0.0035905063188993946,0.8783333333333334,0.017284024052204566
Adaptive audit,6,17,0.25,0.22491459380513731,0.003324089509094995,0.9275,0.014568084825308605
Adaptive audit,6,18,0.25,0.22231846503736408,0.0034165367728837695,0.9291666666666667,0.015436651223792843
Adaptive audit,6,19,0.25,0.2167269594565238,0.0034635397895413714,0.9083333333333334,0.01665840666338813
Adaptive audit,12,0,0.04,0.1861664484977774,0.003821215456149967,0.7441666666666668,0.02255588642203273
Adaptive audit,12,1,0.04,0.1850780504600383,0.0039850896567619944,0.7108333333333333,0.022745280831672963
Adaptive audit,12,2,0.04,0.18612679371570803,0.004369179446040198,0.6591666666666667,0.025186398246204545
Adaptive audit,12,3,0.04,0.17696786004671133,0.004357363247330342,0.6033333333333333,0.02605112698516317
Adaptive audit,12,4,0.04,0.16835285339174233,0.004354333741542959,0.5591666666666666,0.026795663603271676
Adaptive audit,12,5,0.04,0.15670613439874234,0.003930544276279676,0.5033333333333333,0.026500106296469386
Adaptive audit,12,6,0.04,0.1435478996950605,0.0038056961209134163,0.42916666666666664,0.02530746442146834
Adaptive audit,12,7,0.04,0.1304556989670557,0.003751545793423471,0.35666666666666663,0.024837204851498238
Adaptive audit,12,8,0.04,0.11595420074789528,0.0034084458705169484,0.26916666666666667,0.02241279035311352
Adaptive audit,12,9,0.04,0.09965010423512709,0.003145411038800345,0.18416666666666667,0.020633917830781903
Adaptive audit,12,10,0.25,0.08239672624770872,0.0027295695081593595,0.105,0.01642500239018515
Adaptive audit,12,11,0.25,0.077885652901855,0.002469798576527871,0.10416666666666666,0.01676869524277814
Adaptive audit,12,12,0.25,0.07448672779089802,0.0025718084349898,0.12583333333333335,0.017711157120409445
Adaptive audit,12,13,0.25,0.08560224512690073,0.0030107148487601796,0.18916666666666665,0.020409196288250258
Adaptive audit,12,14,0.25,0.09696008244419609,0.0031509735288639566,0.2558333333333333,0.02195350029769853
Adaptive audit,12,15,0.25,0.10961410781650142,0.0032895188109985686,0.3258333333333333,0.02330653150821904
Adaptive audit,12,16,0.25,0.12420568586803946,0.003548204460843947,0.40833333333333327,0.024148653253056332
Adaptive audit,12,17,0.25,0.13837038349097788,0.0034715392123539075,0.4858333333333333,0.02415170633805493
Adaptive audit,12,18,0.25,0.1541253671513281,0.0035004394684712264,0.5891666666666666,0.021953500297698533
Adaptive audit,12,19,0.25,0.17053314096659883,0.0035359301127161386,0.6691666666666666,0.02128378235656087
Adaptive audit,24,0,0.04,0.16504521675867628,0.0026586725682287453,0.7741666666666667,0.025036919584223813
Adaptive audit,24,1,0.04,0.15570245302514152,0.0027879905356293345,0.6658333333333334,0.027932258227592502
Adaptive audit,24,2,0.04,0.1461590801808428,0.0027408593723562092,0.5308333333333333,0.027891913799308415
Adaptive audit,24,3,0.04,0.13575584296801216,0.002629256172245135,0.4033333333333334,0.028770384611768767
Adaptive audit,24,4,0.04,0.12560351454804805,0.002435762882795556,0.29416666666666663,0.02461355037551915
Adaptive audit,24,5,0.04,0.12458424347686824,0.002374409402529059,0.2708333333333333,0.023091565724166974
Adaptive audit,24,6,0.04,0.12444987883620705,0.0023429490993188903,0.25,0.021096836103525238
Adaptive audit,24,7,0.04,0.12432836626093711,0.00230242283919199,0.24166666666666664,0.021318082383645878
Adaptive audit,24,8,0.04,0.12397124514612509,0.002283560694112313,0.2333333333333333,0.020054364972216427
Adaptive audit,24,9,0.04,0.12332586054797957,0.002208014909860703,0.22666666666666666,0.020059712090021668
Adaptive audit,24,10,0.25,0.1230084829273375,0.0022120691283062217,0.2125,0.01977669516607343
Adaptive audit,24,11,0.25,0.1304805380586657,0.0022967958605440287,0.30666666666666664,0.021900003186913534
Adaptive audit,24,12,0.25,0.13893392828805,0.0025653536495269715,0.4491666666666667,0.02712385297731516
Adaptive audit,24,13,0.25,0.1483085033105466,0.002782649940159944,0.5866666666666667,0.03157824948144964
Adaptive audit,24,14,0.25,0.15712473029797602,0.0028572727045387807,0.6825,0.03042254437140573
Adaptive audit,24,15,0.25,0.15980940910117936,0.002799921503891074,0.7116666666666666,0.02889592058905548
Adaptive audit,24,16,0.25,0.16095683838778455,0.0026909062972554736,0.73,0.027060762944201667
Adaptive audit,24,17,0.25,0.16175300210793186,0.002781567650980349,0.7466666666666667,0.025468253960548515
Adaptive audit,24,18,0.25,0.16195326458733447,0.0027719367390654686,0.7491666666666665,0.0249403530771644
Adaptive audit,24,19,0.25,0.16202578979495783,0.0025688724037099112,0.7641666666666667,0.024207149826774355
