scenario,window,policy,mean,ci95_halfwidth,difference_vs_fixed010,paired_ci95_halfwidth
Stationary,6,No audit,0.8805419921875,0.0011674383738329555,0.024523007812500035,0.0007955477924545402
Stationary,6,Fixed 0.05,0.8591808593750005,0.0018117495295509173,0.003161875000000555,0.0011902640388346483
Stationary,6,Fixed 0.10,0.856018984375,0.001516581032905295,0.0,0.0
Stationary,6,Fixed 0.40,0.8006134374999999,0.0011989271110932254,-0.05540554687499997,0.000778126758411034
Stationary,6,Periodic dense,0.8452662109375005,0.0014838063129781799,-0.010752773437499454,0.0010837451662318754
Stationary,6,Adaptive audit,0.8535627929687505,0.0013532096158843994,-0.002456191406249354,0.0008169686349325781
Stationary,12,No audit,0.8805419921875,0.0011674383738329555,0.02117566406250003,0.0004724201711599613
Stationary,12,Fixed 0.05,0.8651682031250004,0.0017712979532569426,0.005801875000000574,0.0010894964566224318
Stationary,12,Fixed 0.10,0.8593663281249999,0.0013004299993483112,0.0,0.0
Stationary,12,Fixed 0.40,0.8006589062500001,0.0011926509882164097,-0.05870742187499998,0.0004862182834802057
Stationary,12,Periodic dense,0.8529008593750007,0.001198851354954508,-0.006465468749999383,0.0005136723502926427
Stationary,12,Adaptive audit,0.8668079296875006,0.0012748169338056095,0.0074416015625007725,0.0006014731172335531
Stationary,24,No audit,0.8805419921875,0.0011674383738329555,0.020365781250000027,0.0002684750628802295
Stationary,24,Fixed 0.05,0.8686900390625004,0.001471722020089164,0.008513828125000605,0.0006738549960284227
Stationary,24,Fixed 0.10,0.8601762109375,0.0011962914103610153,0.0,0.0
Stationary,24,Fixed 0.40,0.8006589062500001,0.0011926509882164097,-0.05951730468749997,0.0003076134875849464
Stationary,24,Periodic dense,0.8531946484375007,0.0011764177617009759,-0.006981562499999384,0.0002784399971216265
Stationary,24,Adaptive audit,0.8716188476562508,0.0012485196808758657,0.011442636718750822,0.0003652348364405643
Slow shifts,6,No audit,0.566025390625,0.0019517962728630674,-0.09302367187499992,0.002842003818151633
Slow shifts,6,Fixed 0.05,0.64384109375,0.0031898669405892757,-0.01520796875,0.002312986302520354
Slow shifts,6,Fixed 0.10,0.6590490625,0.0024882974494950076,0.0,0.0
Slow shifts,6,Fixed 0.40,0.6277226171874998,0.0015311778140866354,-0.03132644531250008,0.0022205245057225335
Slow shifts,6,Periodic dense,0.6466708984374996,0.002386365347961406,-0.012378164062500287,0.0024528634031889323
Slow shifts,6,Adaptive audit,0.6643758398437497,0.001975806343994031,0.005326777343749727,0.0023422921749219013
Slow shifts,12,No audit,0.566025390625,0.0019517962728630674,-0.09364429687499992,0.0027673302738725944
Slow shifts,12,Fixed 0.05,0.6524032812499999,0.0032214188987777846,-0.007266406250000027,0.002659855097501065
Slow shifts,12,Fixed 0.10,0.6596696874999999,0.0024083869200068006,0.0,0.0
Slow shifts,12,Fixed 0.40,0.6121553124999999,0.0014826276474003287,-0.04751437500000007,0.002015795891725309
Slow shifts,12,Periodic dense,0.6602899609374995,0.002043496919955421,0.0006202734374996127,0.0023607852128190872
Slow shifts,12,Adaptive audit,0.6678482617187497,0.002390112478996893,0.008178574218749743,0.0026264611346670094
Slow shifts,24,No audit,0.566025390625,0.0019517962728630674,-0.06813433593749994,0.002705653759282229
Slow shifts,24,Fixed 0.05,0.6366514062499998,0.0032631148996971745,0.0024916796874999625,0.0026573167026083043
Slow shifts,24,Fixed 0.10,0.6341597265625,0.0024195816838606366,0.0,0.0
Slow shifts,24,Fixed 0.40,0.5770635156249999,0.0015739677192898103,-0.05709621093750005,0.0020460225328089617
Slow shifts,24,Periodic dense,0.6314857421874995,0.0027766065605207843,-0.0026739843750003163,0.0029950859728431773
Slow shifts,24,Adaptive audit,0.6539757812499997,0.002899038347311263,0.019816054687499706,0.003159460013744874
Fast shifts,6,No audit,0.5651171875,0.002102978734031028,-0.029741835937499923,0.0025882749441187925
Fast shifts,6,Fixed 0.05,0.5949801171874999,0.0027910599179203984,0.00012109374999999645,0.0022612086926774955
Fast shifts,6,Fixed 0.10,0.5948590234375,0.0025105369457857573,0.0,0.0
Fast shifts,6,Fixed 0.40,0.5471794140624999,0.0018040496209606306,-0.047679609375000036,0.0020864514691571723
Fast shifts,6,Periodic dense,0.5883871093749998,0.0025552412008716706,-0.006471914062500106,0.002467529217376588
Fast shifts,6,Adaptive audit,0.5954380078124998,0.0023387108879733866,0.0005789843749998241,0.002473938252458992
Fast shifts,12,No audit,0.5651171875,0.002102978734031028,0.03871335937500007,0.002532620508473363
Fast shifts,12,Fixed 0.05,0.5427189453124999,0.0030747475981522045,0.016315117187499898,0.00242501192440871
Fast shifts,12,Fixed 0.10,0.526403828125,0.0029540558686414354,0.0,0.0
Fast shifts,12,Fixed 0.40,0.45975542968749994,0.0021361668712312756,-0.06664839843749998,0.002214500006908955
Fast shifts,12,Periodic dense,0.5238305078124997,0.002344546532372486,-0.002573320312500169,0.002645899706588959
Fast shifts,12,Adaptive audit,0.5246710937499998,0.0027316151265827523,-0.0017327343750001662,0.002889334957984481
Fast shifts,24,No audit,0.5651171875,0.002102978734031028,-0.015503906249999911,0.0023899224128283466
Fast shifts,24,Fixed 0.05,0.5815552343749998,0.0026621130238062467,0.0009341406249999334,0.0024160182527977908
Fast shifts,24,Fixed 0.10,0.5806210937499999,0.002367529467824921,0.0,0.0
Fast shifts,24,Fixed 0.40,0.5411239843749999,0.0023936412468174716,-0.039497109375000006,0.002699935587753087
Fast shifts,24,Periodic dense,0.5713063281249997,0.0023982384735175277,-0.009314765625000223,0.0024375839816272596
Fast shifts,24,Adaptive audit,0.5622855664062497,0.0022048885348345234,-0.018335527343750185,0.0025100841120967465
